#OTU ID	LauraG1C1S15	LauraG1C2S19	LauraG1C3S23	LauraG1T2S7	LauraG1T3S11	LauraG2C1S16	LauraG2C2S20	LauraG2C3S24	LauraG2T3S12	LauraP1C1S13	LauraP1C2S17	LauraP1C3S21	LauraP1T1S1	LauraP1T2S5	LauraP1T3S9	LauraP2C1S14	LauraP2C2S18	LauraP2C3S22	LauraP2T2S6	LauraP2T3S10
OTU_1	1151	10210	4865	5254	5765	3045	4677	6773	1949	9466	3622	4945	578	5297	3293	4203	5515	4367	7193	3589
OTU_10	35	0	0	25	6	3	0	0	24	3	0	0	0	1	74	827	1	0	0	55
OTU_100	0	0	0	0	9	2	0	0	0	1	0	0	0	0	54	0	0	0	0	0
OTU_1000	0	0	0	0	0	0	0	0	0	0	0	0	0	0	0	0	0	0	3	0
OTU_1001	0	0	0	0	0	0	0	0	0	4	0	0	0	0	0	0	0	0	3	0
OTU_1002	0	1	0	3	0	0	0	1	0	1	0	0	0	2	0	0	0	0	5	0
OTU_1003	0	0	0	0	0	0	0	0	0	0	0	0	2	0	0	0	0	0	3	0
OTU_1004	0	0	0	0	0	0	0	0	0	0	0	0	0	0	0	1	0	0	3	0
OTU_1005	0	0	0	0	0	0	0	0	0	0	0	0	0	0	0	1	0	0	3	0
OTU_1006	0	0	0	0	0	0	0	0	0	0	0	0	0	0	0	0	0	0	3	0
OTU_1007	0	0	0	0	0	0	0	0	0	0	0	0	0	0	0	0	0	0	3	0
OTU_1008	0	0	0	0	0	0	0	0	0	1	0	0	0	0	0	0	0	0	3	0
OTU_1009	0	0	0	0	0	0	0	0	0	0	0	0	0	0	0	0	0	0	3	0
OTU_101	6	4	0	9	1	13	0	0	0	44	5	7	7	5	0	3	0	2	52	0
OTU_1010	0	0	0	1	0	0	0	0	0	0	0	0	0	1	0	0	0	0	3	0
OTU_1011	0	0	0	0	0	0	0	0	0	0	0	0	0	0	0	0	0	0	3	0
OTU_1012	0	0	0	0	0	0	0	0	0	0	0	0	0	0	0	0	0	0	3	0
OTU_1013	0	0	0	0	0	0	0	0	0	0	0	0	0	0	0	0	0	0	3	0
OTU_1014	0	0	0	0	0	0	0	0	0	2	0	0	0	0	0	0	0	0	0	3
OTU_1015	0	0	0	0	1	0	0	0	0	0	0	0	0	0	0	0	0	0	0	5
OTU_1016	2	0	0	0	0	0	0	0	0	0	0	0	0	0	0	0	0	0	0	0
OTU_1017	2	0	2	0	0	1	0	0	0	1	0	0	0	1	0	3	0	0	0	1
OTU_1018	2	0	0	0	0	0	0	0	0	0	0	0	0	0	0	0	0	0	0	0
OTU_1019	2	0	0	0	0	0	0	0	0	0	0	0	0	0	0	0	0	0	0	0
OTU_102	0	3	0	0	0	0	0	0	0	0	0	2	0	15	0	9	0	1	13	50
OTU_1020	2	0	0	0	0	0	0	0	0	0	0	0	0	0	0	0	0	0	0	0
OTU_1021	0	2	0	0	0	0	0	0	0	0	0	0	0	0	0	0	0	0	0	0
OTU_1022	0	2	0	0	0	0	0	0	0	0	0	0	0	1	0	0	0	0	0	0
OTU_1023	0	2	0	0	0	0	0	0	0	0	0	0	0	0	0	0	0	0	0	0
OTU_1024	0	2	0	0	0	0	0	0	0	0	0	0	0	0	0	0	0	0	0	0
OTU_1025	0	2	0	0	0	0	0	0	0	2	0	0	0	0	0	0	0	0	0	0
OTU_1026	0	2	0	0	0	0	0	0	0	0	0	0	0	0	0	0	0	0	0	0
OTU_1027	0	2	0	0	0	0	0	0	0	0	0	1	0	1	0	0	0	0	2	0
OTU_1028	0	2	0	0	0	0	0	0	0	0	0	0	0	0	0	1	0	0	0	0
OTU_1029	0	2	0	0	0	0	0	0	0	1	0	1	2	0	0	1	0	0	1	0
OTU_103	4	0	0	0	5	2	0	0	0	0	0	0	0	0	0	1	0	0	0	90
OTU_1030	0	2	0	0	0	0	0	0	0	0	0	0	0	0	0	0	0	0	0	0
OTU_1031	1	2	0	0	0	0	0	0	0	0	0	1	0	0	0	0	2	2	3	0
OTU_1032	0	2	0	0	0	0	0	0	0	0	0	0	0	0	0	0	0	0	0	0
OTU_1033	0	2	0	0	0	0	0	0	0	0	0	0	0	0	0	0	0	0	0	0
OTU_1034	0	1	2	0	0	0	0	0	0	2	0	0	0	0	0	0	0	0	0	0
OTU_1035	0	0	2	0	0	0	0	0	0	1	0	0	0	0	0	0	0	0	1	1
OTU_1036	0	0	4	0	0	0	0	0	0	0	0	0	0	0	0	0	0	0	1	0
OTU_1037	0	0	2	0	0	0	0	0	0	0	0	0	0	0	0	0	0	2	0	0
OTU_1038	1	0	2	1	0	0	0	0	0	0	0	0	0	0	0	0	0	0	0	0
OTU_1039	0	0	2	0	0	0	0	0	0	0	0	0	0	0	0	0	0	0	0	0
OTU_104	0	0	0	0	0	0	0	0	53	6	0	0	0	0	0	0	0	0	0	0
OTU_1040	0	0	2	0	0	0	0	0	0	0	0	0	1	1	0	0	0	0	0	0
OTU_1041	0	1	2	1	0	0	0	1	0	0	0	2	2	1	1	4	0	0	0	0
OTU_1042	0	0	2	0	0	0	0	0	0	0	0	0	0	0	0	0	0	0	0	0
OTU_1043	0	0	2	0	0	0	0	0	0	0	0	0	0	0	0	0	0	0	0	0
OTU_1044	0	0	0	2	0	0	0	0	0	0	0	0	0	0	0	0	0	0	0	0
OTU_1045	0	0	0	2	0	0	0	0	0	0	0	0	0	0	0	0	0	0	2	0
OTU_1046	0	0	0	2	0	0	0	0	0	0	0	0	1	0	0	0	1	1	0	0
OTU_1047	0	0	0	2	0	0	0	0	0	0	0	0	0	0	0	0	0	0	0	0
OTU_1048	0	0	0	2	0	0	0	0	0	0	0	0	0	0	1	0	0	0	0	0
OTU_1049	0	0	0	2	0	0	0	0	0	0	0	0	0	0	0	0	0	0	0	0
OTU_105	50	0	0	0	0	0	0	0	0	0	0	0	0	0	0	0	0	0	0	0
OTU_1050	0	0	0	2	0	0	0	0	0	0	0	0	0	0	0	0	0	0	0	0
OTU_1051	1	0	0	2	0	0	0	0	0	0	0	0	0	0	0	0	0	0	0	0
OTU_1052	0	0	0	2	0	0	0	0	0	0	0	0	0	0	0	0	0	0	4	0
OTU_1053	0	0	0	2	0	0	0	0	0	0	0	0	0	0	0	0	0	0	0	0
OTU_1054	0	0	0	2	0	0	0	0	0	0	0	0	0	1	0	0	0	0	0	0
OTU_1055	0	0	0	2	0	0	0	0	0	0	0	0	0	0	0	0	0	0	0	0
OTU_1056	0	0	0	2	0	0	0	0	0	0	0	0	0	0	0	0	0	0	0	0
OTU_1057	0	0	0	2	0	0	0	0	0	0	0	0	0	0	0	0	0	0	0	0
OTU_1058	0	0	0	2	0	0	0	0	0	0	0	0	0	0	0	0	0	0	0	0
OTU_1059	0	0	0	2	0	0	0	0	0	0	0	0	0	0	0	0	0	0	0	0
OTU_106	0	0	0	0	0	0	0	0	48	7	0	0	0	0	0	3	0	0	0	0
OTU_1060	0	0	0	2	0	0	0	0	0	0	0	0	0	0	0	0	0	0	0	0
OTU_1061	0	0	0	2	2	0	0	0	0	1	0	0	0	1	0	0	0	0	1	0
OTU_1062	0	0	0	2	0	0	0	0	0	0	0	0	0	0	0	0	0	0	2	0
OTU_1063	0	0	0	2	0	0	0	0	0	0	0	0	0	0	0	0	0	0	0	0
OTU_1064	0	0	0	2	0	0	0	0	0	0	0	0	0	0	0	0	0	0	0	0
OTU_1065	0	0	0	2	0	0	0	0	0	0	0	0	0	0	0	0	0	0	0	0
OTU_1066	0	0	0	2	0	0	0	0	0	0	0	0	0	0	0	0	0	0	0	0
OTU_1067	0	0	0	2	0	0	0	0	0	0	0	0	0	0	0	1	0	0	0	0
OTU_1068	0	0	0	2	0	0	0	0	0	0	0	0	0	0	0	0	0	0	0	0
OTU_1069	0	0	0	2	0	0	0	0	0	0	0	0	0	0	0	0	0	0	0	0
OTU_107	7	0	0	21	6	1	0	0	0	0	0	0	5	2	49	0	0	4	5	0
OTU_1070	0	0	1	2	0	0	0	0	0	1	0	0	0	0	0	0	0	0	0	0
OTU_1071	0	0	0	2	0	0	0	0	0	0	0	0	0	0	0	0	0	0	0	0
OTU_1072	0	0	0	2	0	0	0	0	0	0	0	0	0	0	0	0	0	0	0	0
OTU_1073	0	0	0	2	0	0	0	0	0	0	0	0	0	0	0	0	0	0	0	0
OTU_1074	0	1	0	2	0	0	0	0	0	0	0	0	0	0	0	0	0	0	1	0
OTU_1075	0	0	0	2	0	0	0	0	0	0	0	0	0	0	0	0	0	0	0	0
OTU_1076	0	0	0	2	0	0	0	0	0	0	0	0	0	0	0	0	0	0	0	0
OTU_1077	0	0	0	2	0	0	0	0	0	0	0	0	0	0	0	0	0	0	0	0
OTU_1078	0	0	0	2	0	0	0	0	0	0	0	0	0	0	0	0	0	0	0	0
OTU_1079	0	0	0	2	0	0	0	0	0	0	0	0	0	0	0	0	0	0	0	0
OTU_108	29	1	1	18	2	1	4	0	7	8	0	0	0	21	30	0	0	2	0	55
OTU_1080	0	0	0	2	0	0	0	0	0	0	0	0	0	0	0	0	0	0	0	0
OTU_1081	0	0	0	2	0	0	0	0	0	0	0	0	0	0	0	0	0	0	0	0
OTU_1082	0	0	0	2	0	0	0	0	0	0	0	0	0	0	0	0	0	0	1	0
OTU_1083	0	0	0	2	0	0	0	0	0	0	0	0	0	0	0	0	0	0	0	0
OTU_1084	1	0	0	2	0	0	0	0	0	0	0	0	0	0	0	0	0	0	1	0
OTU_1085	0	0	0	2	0	0	0	0	1	0	0	0	0	0	0	0	0	0	1	0
OTU_1086	0	0	0	2	0	0	0	0	0	0	0	0	0	0	0	0	0	0	0	0
OTU_1087	0	0	0	2	0	0	0	0	0	0	0	0	0	0	0	0	0	0	0	0
OTU_1088	0	0	0	0	2	0	0	0	0	0	0	0	0	0	0	0	0	0	0	0
OTU_1089	0	0	0	0	2	0	0	0	0	0	0	0	0	0	0	0	0	0	0	0
OTU_109	48	0	0	0	0	2	0	0	0	0	0	0	0	0	0	0	0	0	0	0
OTU_1090	0	0	0	0	2	0	0	0	0	0	0	0	0	0	0	0	0	0	0	0
OTU_1091	0	0	0	0	2	0	0	0	0	0	0	0	0	0	0	0	0	0	0	0
OTU_1092	0	0	0	0	2	0	0	0	0	0	0	0	0	0	0	0	0	0	0	0
OTU_1093	0	0	0	0	2	0	0	0	0	0	0	0	0	0	0	0	0	0	0	0
OTU_1094	0	0	0	0	0	4	0	0	0	0	0	0	0	0	0	0	0	0	0	0
OTU_1095	0	0	0	0	0	2	0	0	0	0	0	0	0	0	0	0	0	0	0	0
OTU_1096	0	1	0	0	0	3	0	0	0	0	0	0	0	0	0	0	0	1	0	0
OTU_1097	0	0	0	0	0	2	0	0	0	0	0	0	0	0	0	0	0	0	0	0
OTU_1098	0	0	0	0	0	2	0	0	0	0	0	0	0	0	0	0	0	0	0	0
OTU_1099	0	0	0	0	0	2	1	0	0	0	0	0	0	0	0	0	0	1	0	0
OTU_11	52	610	69	58	101	43	94	220	18	161	32	63	24	75	4	60	63	44	77	42
OTU_110	0	49	3	1	0	0	7	1	1	0	1	1	0	4	1	0	1	0	0	0
OTU_1100	0	0	0	0	0	2	0	2	0	0	0	1	0	2	0	0	0	0	0	0
OTU_1101	0	0	0	0	0	2	0	0	0	0	0	0	0	0	0	0	0	0	0	0
OTU_1102	0	0	0	0	0	2	0	0	0	0	0	0	0	0	0	0	0	0	0	0
OTU_1103	0	0	0	0	0	2	0	0	0	0	0	0	0	0	0	0	0	0	0	0
OTU_1104	0	0	0	0	0	2	0	0	0	0	0	0	0	0	0	0	0	0	0	0
OTU_1105	0	0	0	0	0	2	0	0	0	0	0	0	0	0	0	0	0	0	0	0
OTU_1106	0	0	0	0	0	2	0	0	0	0	0	0	0	0	0	0	0	0	0	0
OTU_1107	0	0	0	0	0	2	0	0	0	0	0	0	0	0	0	0	0	0	0	0
OTU_1108	0	0	0	0	0	4	0	0	0	0	0	0	0	0	0	0	0	0	0	0
OTU_1109	0	0	0	0	0	2	0	0	0	0	0	0	0	0	0	0	0	0	0	1
OTU_111	0	0	0	47	0	0	0	0	0	0	0	0	0	0	0	0	0	2	0	0
OTU_1110	0	0	0	0	0	2	0	0	0	0	0	0	0	0	0	0	0	0	0	0
OTU_1111	0	0	0	0	0	2	0	0	0	0	0	0	0	0	0	0	0	0	0	0
OTU_1112	0	0	0	0	0	2	0	0	0	0	0	0	0	0	0	0	0	0	0	0
OTU_1113	0	0	0	0	0	2	0	0	0	0	0	0	0	0	0	0	0	0	0	0
OTU_1114	0	0	0	0	0	2	0	0	0	0	0	0	0	0	0	0	0	0	0	0
OTU_1115	0	0	0	0	0	2	0	0	1	0	0	0	0	0	0	0	0	0	0	0
OTU_1116	0	0	0	0	0	2	0	0	0	0	0	0	0	0	0	0	0	0	0	0
OTU_1117	0	0	0	0	0	2	0	0	0	0	0	0	0	0	0	0	0	0	0	0
OTU_1118	0	0	0	0	0	2	0	0	0	0	0	0	0	0	0	0	0	0	0	0
OTU_1119	0	0	0	0	0	2	0	0	0	0	0	0	0	0	0	0	1	1	0	0
OTU_112	6	1	2	0	0	17	2	1	47	6	0	0	0	0	0	1	1	0	0	0
OTU_1120	0	0	0	0	0	2	0	0	0	0	0	0	0	0	0	0	0	0	0	0
OTU_1121	0	0	0	0	0	2	0	0	0	0	0	0	0	0	0	0	0	0	0	0
OTU_1122	0	0	0	0	0	2	0	0	0	0	0	1	0	0	0	0	0	0	0	0
OTU_1123	0	0	0	0	0	2	0	0	0	0	0	0	0	0	0	0	0	0	0	0
OTU_1124	0	0	0	0	0	2	0	0	0	0	0	0	0	0	0	0	0	0	0	0
OTU_1125	0	0	0	0	0	2	0	0	0	0	0	0	0	0	0	0	0	0	0	0
OTU_1126	0	0	0	0	0	2	0	0	0	0	0	0	0	0	0	0	0	0	0	0
OTU_1127	0	0	1	0	0	2	0	0	0	0	0	0	0	0	0	0	0	0	0	0
OTU_1128	0	0	0	0	0	2	0	0	0	0	0	0	0	0	0	0	0	0	0	0
OTU_1129	0	0	0	0	0	2	0	0	0	0	0	0	0	0	0	0	0	0	0	0
OTU_113	0	36	1	28	11	3	0	3	1	68	1	32	7	32	29	8	2	11	13	32
OTU_1130	0	0	0	0	0	2	0	0	0	0	0	0	0	0	0	0	0	0	0	0
OTU_1131	0	0	0	0	0	2	0	0	0	0	0	0	0	0	0	0	1	0	0	0
OTU_1132	0	0	0	0	0	2	0	1	0	0	0	0	0	0	0	0	0	0	0	0
OTU_1133	0	0	0	0	0	0	2	0	0	0	0	0	0	0	0	0	0	0	0	0
OTU_1134	0	0	0	0	0	0	2	0	0	0	0	0	0	0	0	0	0	0	0	0
OTU_1135	0	0	0	0	0	0	0	2	0	0	0	0	0	0	0	0	0	0	0	0
OTU_1136	0	0	0	0	0	0	0	2	0	0	0	0	0	0	0	0	0	0	0	0
OTU_1137	0	0	0	0	0	0	0	2	0	0	0	1	0	0	0	0	0	0	0	0
OTU_1138	0	0	0	1	0	0	0	2	0	0	0	0	0	0	0	0	0	0	2	0
OTU_1139	0	0	0	0	0	0	0	2	0	0	0	0	0	0	0	0	0	0	0	0
OTU_114	0	0	0	0	5	2	0	0	0	1	0	0	0	0	59	0	0	0	0	0
OTU_1140	0	0	0	0	0	0	0	4	0	1	0	0	0	0	0	0	0	0	1	0
OTU_1141	0	0	0	0	0	0	0	2	0	0	0	0	0	0	0	0	0	0	0	0
OTU_1142	0	0	0	0	0	0	0	2	0	0	0	0	0	0	0	0	0	0	0	0
OTU_1143	0	0	0	0	0	0	0	0	4	0	0	0	0	0	0	0	0	0	0	0
OTU_1144	0	0	0	0	0	0	0	0	0	2	0	0	0	0	0	0	0	0	0	0
OTU_1145	0	0	0	0	0	0	0	0	0	2	0	0	0	0	0	0	0	0	0	0
OTU_1146	0	0	0	0	0	0	0	0	0	2	0	0	0	0	0	0	0	0	0	0
OTU_1147	0	0	0	0	0	0	0	0	0	2	0	0	0	1	0	0	0	0	0	0
OTU_1148	0	0	0	0	0	0	0	0	0	2	0	0	0	0	0	0	0	0	0	0
OTU_1149	0	0	0	0	0	0	0	0	0	2	0	0	0	0	0	0	0	0	0	0
OTU_115	12	0	0	0	1	0	0	0	0	0	0	0	0	0	52	0	0	0	0	0
OTU_1150	0	0	0	0	0	0	0	0	0	2	0	0	0	0	0	0	0	0	1	0
OTU_1151	0	0	0	0	0	0	0	0	0	2	0	0	0	0	0	0	0	0	0	0
OTU_1152	0	0	0	0	0	0	0	0	0	0	2	0	0	0	1	0	0	0	0	0
OTU_1153	0	0	0	0	0	0	0	0	0	0	2	0	0	0	0	0	0	0	0	0
OTU_1154	0	1	0	0	0	0	0	1	0	0	2	0	0	2	0	1	0	0	0	0
OTU_1155	0	0	0	0	0	0	0	0	0	0	2	0	0	0	0	0	0	0	0	0
OTU_1156	0	0	0	0	0	0	0	0	0	0	2	0	0	0	0	0	0	0	0	0
OTU_1157	0	0	0	0	0	0	0	0	0	0	0	2	0	0	0	0	0	0	0	0
OTU_1158	0	0	0	0	0	0	0	0	0	0	0	2	0	0	0	0	0	0	0	0
OTU_1159	0	0	0	0	0	0	0	0	0	0	0	2	0	0	0	0	0	0	0	0
OTU_116	1	0	0	0	5	9	0	0	0	0	0	0	0	0	49	0	0	0	0	44
OTU_1160	0	0	0	0	0	0	0	0	0	0	0	2	0	0	0	0	0	0	0	0
OTU_1161	0	1	0	0	0	0	0	0	0	0	0	2	0	0	0	0	0	0	0	0
OTU_1162	0	0	0	0	0	0	0	0	0	0	0	2	0	0	0	0	0	0	0	0
OTU_1163	0	0	0	0	0	0	0	0	0	0	0	3	0	0	0	0	0	0	2	0
OTU_1164	0	0	0	0	0	0	0	0	0	0	0	2	0	0	0	0	0	0	0	0
OTU_1165	0	0	0	0	0	0	0	0	0	0	0	2	0	0	0	0	0	0	0	0
OTU_1166	0	1	0	0	0	0	0	0	0	0	0	2	0	0	0	0	0	0	1	0
OTU_1167	0	0	0	0	0	0	0	0	0	0	0	2	0	0	0	0	0	0	0	0
OTU_1168	0	0	0	0	0	0	0	0	0	0	0	0	2	0	0	1	0	1	0	0
OTU_1169	0	0	0	0	0	0	0	0	0	0	0	0	2	0	0	0	0	0	0	0
OTU_117	1	2	0	51	0	0	0	1	0	1	0	1	0	24	0	0	0	10	7	0
OTU_1170	0	0	0	0	0	0	0	0	0	0	0	0	2	1	0	0	0	0	0	0
OTU_1171	0	0	0	0	0	0	0	0	0	0	0	0	2	0	0	0	0	0	0	0
OTU_1172	0	0	0	0	0	0	0	0	0	0	0	0	2	0	0	0	0	0	0	0
OTU_1173	0	0	0	1	0	0	0	0	0	0	0	0	2	0	0	0	0	0	1	0
OTU_1174	0	0	0	0	0	0	0	0	0	0	0	0	2	0	0	0	0	0	0	0
OTU_1175	0	0	0	0	0	0	0	0	0	0	0	0	2	0	0	0	0	0	0	0
OTU_1176	0	0	0	0	0	0	0	0	0	0	0	0	2	0	0	0	0	0	0	0
OTU_1177	0	0	0	0	0	0	0	0	0	0	0	0	2	0	0	0	0	0	0	0
OTU_1178	0	0	0	0	0	0	0	0	0	0	0	0	2	0	0	0	0	0	1	0
OTU_1179	0	0	0	0	0	0	0	0	0	0	0	0	2	0	0	0	0	0	0	0
OTU_118	0	1	1	47	9	0	1	0	1	2	0	2	0	67	0	1	0	1	16	0
OTU_1180	0	0	0	0	0	0	0	0	0	0	0	0	2	0	0	0	0	0	0	0
OTU_1181	0	0	0	0	0	0	0	0	0	0	0	0	0	2	0	0	0	0	0	0
OTU_1182	0	0	0	0	0	0	0	0	0	0	0	0	0	2	0	0	0	0	0	0
OTU_1183	0	0	0	0	0	0	0	0	0	0	0	0	0	2	0	0	0	0	1	0
OTU_1184	0	0	0	0	0	0	0	0	0	0	0	0	0	4	2	0	0	0	1	0
OTU_1185	0	0	0	0	0	0	0	0	0	0	0	0	0	2	0	0	0	0	0	0
OTU_1186	0	0	0	0	0	0	0	0	0	0	0	0	0	2	0	0	0	0	0	0
OTU_1187	0	0	0	0	0	0	0	0	0	0	0	0	0	2	0	0	0	0	0	0
OTU_1188	0	0	0	0	0	0	0	0	0	0	0	0	0	2	0	0	0	0	0	0
OTU_1189	0	0	0	0	0	0	0	0	0	0	0	0	0	2	0	0	0	0	0	0
OTU_119	3	3	0	32	0	0	0	0	0	1	0	0	0	53	7	1	4	14	27	1
OTU_1190	0	0	0	0	0	0	0	0	0	0	0	0	1	2	0	0	0	0	0	0
OTU_1191	0	0	0	0	0	0	0	0	0	0	0	0	0	2	0	0	0	0	0	0
OTU_1192	0	0	0	0	0	0	0	0	0	0	0	0	0	2	0	0	0	0	0	0
OTU_1193	0	0	0	0	0	0	0	0	0	1	0	1	0	2	0	0	0	0	0	0
OTU_1194	0	0	0	0	0	0	0	0	0	0	0	0	0	2	0	0	0	0	0	0
OTU_1195	0	0	0	0	0	0	0	0	0	0	0	0	0	2	0	0	0	0	0	0
OTU_1196	0	0	0	0	0	0	0	0	0	0	0	0	0	2	0	0	0	0	0	0
OTU_1197	0	0	0	0	0	0	0	0	0	0	0	0	0	2	0	0	0	0	0	0
OTU_1198	0	0	0	0	0	0	0	0	0	1	0	0	0	2	0	0	0	0	1	0
OTU_1199	0	0	0	0	0	0	0	0	0	0	0	0	0	2	0	0	0	0	1	0
OTU_12	0	559	1	0	0	2	3	1	0	1	3	6	0	9	0	3	14	4	2	0
OTU_120	4	0	0	68	0	0	0	0	4	0	0	6	1	50	0	0	0	0	8	0
OTU_1200	0	0	0	0	0	0	0	0	0	0	0	0	0	2	0	0	0	0	0	0
OTU_1201	0	0	0	0	1	0	0	0	0	0	0	0	1	2	0	0	0	0	0	0
OTU_1202	0	0	0	0	0	0	0	0	0	0	0	0	0	2	0	0	0	0	0	0
OTU_1203	0	0	0	0	0	0	0	1	0	0	0	0	0	2	0	0	0	0	0	0
OTU_1204	0	0	0	0	0	0	0	0	0	0	0	0	0	2	0	0	0	0	0	0
OTU_1205	0	0	0	0	0	0	0	0	0	0	0	0	0	2	0	0	0	1	0	0
OTU_1206	0	0	0	0	0	0	0	0	0	0	0	0	0	2	0	0	0	0	0	0
OTU_1207	0	0	0	0	0	0	0	0	0	0	0	0	0	2	0	0	0	0	0	0
OTU_1208	0	0	0	0	0	0	0	0	0	0	0	0	0	2	0	0	0	0	0	0
OTU_1209	0	0	0	0	0	0	0	0	1	0	0	0	0	3	0	0	0	0	1	0
OTU_121	0	48	0	0	0	0	0	0	1	8	0	0	0	9	0	0	1	0	1	0
OTU_1210	0	1	0	0	0	0	0	0	1	0	0	0	0	2	0	0	0	0	0	0
OTU_1211	0	0	0	0	0	0	0	0	0	0	0	0	0	2	0	0	0	0	0	0
OTU_1212	0	0	0	0	0	0	0	0	0	0	0	0	0	2	0	0	0	0	0	0
OTU_1213	0	0	0	0	0	0	0	0	0	0	0	0	0	0	2	0	0	0	0	0
OTU_1214	0	0	0	1	0	0	0	0	0	0	0	0	0	1	2	0	0	0	0	0
OTU_1215	0	0	0	1	0	0	0	0	0	0	0	0	0	1	0	2	0	0	1	0
OTU_1216	0	0	0	0	0	0	0	0	0	0	0	0	0	0	0	2	0	0	0	0
OTU_1217	0	0	0	0	0	0	0	0	0	0	0	0	0	0	0	2	0	0	0	0
OTU_1218	0	0	0	0	0	0	0	0	0	0	0	0	0	0	0	2	0	0	0	0
OTU_1219	0	0	0	0	0	0	0	0	0	0	0	0	0	0	0	2	0	0	0	0
OTU_122	2	0	0	47	0	4	0	0	0	0	0	0	0	0	0	0	0	0	0	0
OTU_1220	0	0	0	0	0	0	0	0	0	0	0	0	0	0	0	2	0	0	0	0
OTU_1221	0	0	0	0	0	1	0	0	0	0	0	0	0	1	0	2	0	0	2	0
OTU_1222	0	0	0	0	0	0	0	0	0	0	0	0	0	0	0	2	0	0	0	0
OTU_1223	0	0	0	0	0	0	0	0	0	0	0	0	0	0	0	2	0	0	0	0
OTU_1224	0	0	0	0	0	0	0	0	0	0	0	0	0	0	0	2	0	0	0	0
OTU_1225	0	0	0	0	0	0	0	0	0	0	0	0	0	0	0	0	2	0	0	0
OTU_1226	0	0	0	0	0	0	0	0	0	0	0	0	0	0	0	0	2	0	0	0
OTU_1227	0	0	0	0	0	0	0	0	0	0	0	0	0	0	0	0	0	2	0	0
OTU_1228	0	0	0	0	0	0	0	0	0	0	0	0	0	0	0	0	0	2	0	0
OTU_1229	0	0	0	0	0	0	0	0	0	0	0	0	0	0	0	0	0	2	0	0
OTU_123	0	0	0	0	57	0	0	0	0	0	0	0	0	5	0	0	0	0	0	0
OTU_1230	0	0	0	0	0	0	0	0	0	0	0	1	0	0	0	0	0	2	0	0
OTU_1231	0	0	0	0	0	0	0	0	0	0	0	0	0	0	0	0	0	2	0	0
OTU_1232	0	0	0	0	0	0	0	0	0	0	0	0	0	0	0	0	0	2	0	0
OTU_1233	0	0	0	0	0	0	0	0	0	0	0	0	0	0	0	0	0	4	0	0
OTU_1234	0	0	0	0	0	0	0	0	0	0	0	1	0	0	0	0	0	2	0	0
OTU_1235	0	0	0	0	0	0	0	0	0	0	0	0	0	0	0	0	0	2	0	0
OTU_1236	0	0	0	0	0	0	0	0	0	0	0	0	0	0	0	0	0	2	0	0
OTU_1237	0	0	0	0	0	0	0	0	0	1	1	0	1	0	1	1	0	1	6	0
OTU_1238	0	0	0	0	0	0	0	0	0	0	0	0	0	0	0	0	0	0	2	0
OTU_1239	0	0	0	1	0	0	0	0	0	0	0	0	0	0	0	0	0	0	2	0
OTU_124	0	0	0	0	5	0	0	0	0	0	0	0	0	0	44	0	0	0	0	0
OTU_1240	0	0	0	0	0	0	0	0	0	0	0	0	0	0	0	0	0	0	2	0
OTU_1241	0	0	0	0	0	0	0	0	0	0	0	0	0	0	0	0	0	0	2	0
OTU_1242	0	0	0	0	0	0	0	0	0	0	0	0	0	0	0	0	0	0	2	0
OTU_1243	0	0	0	0	0	0	0	0	0	0	0	0	0	0	0	0	0	0	2	0
OTU_1244	0	0	0	0	0	0	0	0	0	0	0	0	0	0	0	0	0	0	2	0
OTU_1245	0	0	0	0	0	0	0	0	0	0	0	0	0	0	0	0	0	0	2	0
OTU_1246	0	0	0	0	0	0	0	0	0	0	0	0	0	0	0	0	0	0	2	0
OTU_1247	0	0	0	0	0	0	0	0	0	0	0	0	0	0	0	0	0	0	2	0
OTU_1248	0	0	0	0	0	0	0	0	0	0	0	0	0	0	0	0	0	0	2	0
OTU_1249	1	0	0	0	0	0	0	0	0	0	0	0	1	1	0	0	0	0	2	0
OTU_125	0	0	0	0	1	0	0	0	0	3	1	0	0	11	47	1	0	0	3	1
OTU_1250	0	0	0	0	0	0	0	0	0	0	0	0	0	0	0	0	0	0	2	0
OTU_1251	0	0	0	0	0	0	0	0	0	0	0	0	0	0	0	0	0	0	2	0
OTU_1252	0	0	0	0	0	0	0	0	0	0	0	0	0	0	0	0	0	0	2	0
OTU_1253	0	0	0	0	0	0	0	0	0	0	0	0	0	0	0	1	0	0	2	0
OTU_1254	0	0	0	0	0	0	0	0	0	0	0	0	0	0	0	0	0	0	2	0
OTU_1255	0	0	1	0	0	0	0	0	0	0	0	0	0	0	0	0	0	1	2	0
OTU_1256	0	0	0	0	0	0	0	0	0	0	0	0	0	0	0	0	0	0	2	0
OTU_1257	0	0	0	0	0	0	0	0	0	0	0	0	0	0	0	0	0	0	2	0
OTU_1258	0	0	0	0	0	0	0	0	0	0	0	0	0	0	0	0	0	0	2	0
OTU_1259	0	0	0	0	0	0	0	0	0	0	0	0	0	0	0	0	0	0	2	0
OTU_126	0	0	0	0	4	0	0	0	0	0	0	0	0	0	58	1	0	0	0	1
OTU_1260	0	0	0	0	0	0	0	0	0	0	0	0	0	0	0	0	0	0	2	0
OTU_1261	0	0	1	0	0	1	0	1	0	0	0	0	0	0	0	0	0	0	2	0
OTU_1262	0	0	0	0	1	0	1	0	0	0	0	0	0	1	0	0	0	0	2	0
OTU_1263	0	0	0	0	0	0	0	0	0	0	0	0	0	0	0	0	0	0	2	0
OTU_1264	0	0	0	0	0	1	0	0	0	0	0	0	0	1	0	0	0	0	4	0
OTU_1265	0	0	0	0	0	0	0	0	0	0	0	0	0	0	0	0	0	0	2	0
OTU_1266	0	0	0	0	0	0	0	0	0	0	0	0	0	0	0	0	0	0	2	0
OTU_1267	0	0	0	0	0	0	0	0	0	0	0	0	0	0	0	0	0	0	2	0
OTU_1268	0	0	0	0	0	0	0	0	0	0	0	0	0	0	0	0	0	0	2	0
OTU_1269	0	0	0	0	0	0	0	0	0	0	0	0	0	0	0	0	0	0	2	0
OTU_127	0	0	0	0	0	0	0	0	49	9	0	0	0	0	0	1	0	0	0	0
OTU_1270	0	0	0	0	0	0	0	0	0	0	0	0	0	0	0	0	0	0	2	0
OTU_1271	0	0	0	0	0	0	0	0	0	0	0	0	0	2	0	0	0	0	3	0
OTU_1272	0	0	0	0	0	0	0	0	0	0	0	0	0	0	0	0	0	0	2	0
OTU_1273	0	0	0	0	0	0	0	0	0	0	0	0	0	0	0	0	0	0	2	0
OTU_1274	0	0	0	0	0	0	0	0	0	1	0	0	0	1	0	0	0	0	2	0
OTU_1275	1	0	0	0	0	0	0	0	0	0	0	0	0	0	0	1	0	0	0	0
OTU_1276	1	0	0	1	0	0	0	0	0	0	0	0	0	0	0	0	0	0	0	0
OTU_1277	1	0	0	2	0	0	0	0	0	0	0	0	0	0	0	1	0	0	1	0
OTU_1278	0	1	0	0	0	0	0	0	0	0	0	1	0	0	0	0	0	0	0	0
OTU_1279	0	1	0	0	0	0	0	0	0	1	0	0	0	0	0	0	0	0	0	0
OTU_128	0	0	0	49	0	0	0	0	0	0	0	0	3	0	0	0	0	0	12	0
OTU_1280	0	1	0	0	0	0	0	0	0	0	0	0	0	0	0	0	1	0	0	0
OTU_1281	0	1	0	0	0	0	0	0	0	0	0	0	0	0	0	0	1	0	0	0
OTU_1282	0	1	0	0	0	2	1	1	0	0	0	0	0	0	0	0	0	0	0	0
OTU_1283	0	0	1	0	0	0	0	0	0	0	0	0	0	0	1	0	0	0	0	0
OTU_1284	0	0	1	1	0	0	0	0	0	0	0	0	0	0	0	0	1	0	0	0
OTU_1285	0	0	1	0	0	1	0	0	0	0	0	0	0	0	0	0	0	0	0	0
OTU_1286	0	0	1	0	0	1	0	0	0	0	0	0	0	0	0	0	0	0	0	0
OTU_1287	0	0	0	1	0	0	0	0	0	1	0	0	0	0	0	0	0	0	0	0
OTU_1288	0	0	0	1	0	0	0	0	0	0	0	0	0	1	0	0	0	0	0	0
OTU_1289	0	0	0	1	0	0	0	0	0	0	0	1	0	0	0	0	0	1	0	0
OTU_129	1	7	0	44	0	0	0	0	0	0	0	0	0	23	0	1	0	16	7	0
OTU_1290	0	0	0	2	0	0	0	0	0	0	0	1	0	0	0	0	0	1	0	0
OTU_1291	0	0	0	1	0	0	0	0	0	1	0	0	0	0	0	0	0	0	1	1
OTU_1292	0	0	0	1	0	0	0	0	0	0	0	0	0	0	0	0	0	0	1	0
OTU_1293	0	0	0	1	0	0	0	0	0	0	0	0	0	0	0	0	0	0	1	0
OTU_1294	0	0	0	1	0	0	0	0	0	0	0	0	1	0	0	0	0	0	0	0
OTU_1295	0	0	0	1	0	0	0	0	0	1	0	1	0	0	0	0	0	0	0	0
OTU_1296	0	0	0	0	1	0	0	0	0	0	0	0	0	0	0	0	0	0	0	1
OTU_1297	0	0	0	0	1	0	0	0	0	0	1	0	0	0	0	0	0	0	0	0
OTU_1298	0	0	0	0	0	1	0	0	0	1	0	0	0	0	0	0	0	0	0	0
OTU_1299	0	0	0	0	0	1	0	0	0	0	0	0	0	0	0	1	0	0	0	0
OTU_13	69	156	5	513	126	31	28	66	9	296	13	41	26	371	1	99	60	51	223	76
OTU_130	3	0	0	65	0	0	0	0	0	2	0	0	0	0	0	0	0	0	1	0
OTU_1300	0	0	0	0	0	1	0	1	0	0	0	0	0	0	0	0	0	0	0	0
OTU_1301	0	0	0	0	0	1	0	1	0	0	0	0	0	0	0	0	0	0	0	0
OTU_1302	0	0	0	0	0	1	1	0	0	0	0	0	0	0	0	0	0	0	0	0
OTU_1303	0	0	0	0	0	1	0	0	0	0	0	0	0	0	0	0	1	0	0	0
OTU_1304	0	0	0	0	0	1	0	1	0	0	0	0	0	0	0	0	0	0	0	0
OTU_1305	0	0	0	0	0	1	0	0	0	0	0	1	0	0	0	0	0	0	0	0
OTU_1306	0	0	0	0	0	1	1	0	0	0	0	0	0	0	0	0	0	0	0	0
OTU_1307	0	0	0	0	0	0	1	1	0	1	0	0	0	0	0	0	0	0	0	0
OTU_1308	0	0	0	0	0	0	1	0	0	0	0	1	0	0	0	0	0	0	0	0
OTU_1309	0	0	0	0	0	0	0	1	0	0	0	0	0	0	0	0	0	0	1	0
OTU_131	1	0	0	41	0	0	0	0	0	0	0	0	0	0	0	0	0	0	0	0
OTU_1310	0	0	0	0	0	0	0	0	1	1	0	0	0	1	0	0	0	0	0	0
OTU_1311	0	0	0	0	0	0	0	0	1	1	0	0	0	0	0	0	0	0	0	0
OTU_1312	0	0	0	0	0	0	0	0	0	1	0	0	0	0	0	0	0	0	1	0
OTU_1313	0	0	0	0	0	0	0	0	0	1	0	0	0	0	0	1	0	0	0	0
OTU_1314	0	0	0	0	0	0	0	0	0	1	0	0	0	1	0	0	0	0	0	0
OTU_1315	0	0	0	0	0	0	0	0	0	1	0	0	0	0	0	0	0	0	1	0
OTU_1316	0	0	0	0	0	0	0	0	0	1	0	0	0	1	0	0	0	0	0	0
OTU_1317	0	0	0	0	0	0	0	0	0	1	0	0	0	0	0	0	0	0	1	0
OTU_1318	0	0	0	0	0	0	0	0	0	1	0	0	0	0	0	0	0	0	1	0
OTU_1319	0	0	0	0	0	0	0	0	0	1	0	0	0	1	0	0	0	0	0	0
OTU_132	0	0	0	0	0	0	0	0	42	5	0	0	0	0	0	0	0	0	0	0
OTU_1320	0	0	0	0	0	0	0	0	0	1	0	0	0	0	0	0	0	0	1	0
OTU_1321	0	0	0	0	0	0	0	0	0	0	0	1	1	0	0	0	0	0	0	0
OTU_1322	0	0	0	0	0	0	0	0	0	0	0	1	0	1	0	0	0	0	0	0
OTU_1323	0	0	0	0	0	0	0	0	0	0	0	1	0	0	0	0	0	0	1	0
OTU_1324	0	0	0	0	0	0	0	0	0	0	0	1	0	0	0	0	0	0	1	0
OTU_1325	0	0	0	0	0	0	0	0	0	0	0	1	0	0	0	0	0	0	1	0
OTU_1326	0	0	0	0	0	0	0	0	0	0	0	0	1	0	0	1	0	0	0	0
OTU_1327	0	0	0	0	0	0	0	0	0	0	0	0	1	1	0	0	0	0	0	0
OTU_1328	0	0	0	0	0	0	0	0	0	0	0	0	1	0	1	0	0	0	0	0
OTU_1329	0	0	0	0	0	0	0	0	0	0	0	0	1	0	0	0	0	0	1	0
OTU_133	37	15	0	0	16	1	2	1	3	45	1	10	2	1	54	8	4	5	1	31
OTU_1330	0	0	0	0	0	0	0	0	0	0	0	0	1	0	1	0	0	0	0	0
OTU_1331	0	0	0	0	0	0	0	0	0	0	0	0	1	0	0	1	0	0	0	0
OTU_1332	0	0	0	0	0	0	0	0	0	0	0	0	0	1	0	0	0	0	1	0
OTU_1333	0	0	0	0	0	0	0	0	0	0	0	0	0	1	0	0	0	0	1	0
OTU_1334	0	0	0	0	0	0	0	0	0	0	0	0	0	1	0	0	0	0	1	0
OTU_1335	0	0	0	0	0	0	0	0	0	0	0	0	0	0	1	0	0	0	1	0
OTU_1336	0	0	0	0	0	0	0	0	0	0	0	0	0	0	0	1	0	0	1	0
OTU_1337	0	0	0	0	0	0	0	0	0	0	0	0	0	0	0	0	0	1	1	0
OTU_134	17	0	0	5	2	0	0	0	0	0	0	0	0	0	43	1	0	0	0	0
OTU_135	0	2	0	0	0	0	0	0	0	0	0	0	0	2	0	5	0	40	1	0
OTU_136	0	2	2	4	0	1	0	16	0	48	1	10	0	29	7	2	3	4	3	4
OTU_137	0	0	0	0	0	0	0	0	0	0	0	0	0	42	0	21	0	0	40	0
OTU_138	0	0	0	0	0	0	0	0	0	0	0	0	0	0	0	0	0	0	0	50
OTU_139	9	20	1	0	3	23	0	10	0	66	0	15	0	37	69	29	2	25	5	34
OTU_14	70	0	0	0	29	3	0	0	0	0	0	0	0	0	0	11	0	0	0	664
OTU_140	0	30	0	1	6	0	42	0	0	3	1	8	2	19	0	4	23	0	18	0
OTU_141	1	18	1	4	15	0	0	3	0	39	3	7	0	6	28	0	13	3	8	1
OTU_142	12	0	0	13	2	1	0	0	12	5	0	0	0	0	39	0	0	0	0	0
OTU_143	0	0	0	0	1	0	0	0	0	0	0	0	0	0	39	0	0	0	0	0
OTU_144	0	0	1	0	1	1	0	0	0	0	0	2	0	0	39	0	2	1	0	0
OTU_145	0	0	0	36	0	0	0	0	0	0	0	0	0	0	0	0	0	0	0	0
OTU_146	0	0	0	36	0	0	0	0	0	0	0	0	0	0	0	0	0	0	1	0
OTU_147	10	0	0	0	1	1	0	0	41	5	0	0	0	5	0	2	0	0	0	0
OTU_148	1	0	0	0	5	1	0	0	0	0	0	0	0	0	47	0	0	0	0	0
OTU_149	0	35	0	27	3	1	0	1	0	31	0	0	0	6	25	3	0	42	22	0
OTU_15	1	32	0	0	1	59	0	4	0	334	0	6	0	2	22	31	2	7	9	0
OTU_150	0	0	2	0	11	8	0	0	0	36	3	0	1	7	0	4	5	3	7	0
OTU_151	0	0	0	0	4	2	0	0	0	0	0	0	0	0	37	0	0	0	4	9
OTU_152	39	11	3	0	0	2	5	0	1	5	1	11	3	37	4	13	1	26	8	39
OTU_153	1	4	0	41	0	0	0	0	0	0	0	0	0	0	0	0	0	0	0	0
OTU_154	12	0	1	0	0	37	0	13	0	15	0	1	0	0	4	20	0	0	1	0
OTU_155	0	1	0	0	0	0	0	1	0	0	0	1	1	6	0	35	0	0	3	0
OTU_156	1	0	0	33	0	0	0	0	0	0	0	0	0	0	0	0	0	0	0	0
OTU_157	0	0	0	0	0	0	0	0	0	1	0	0	0	35	0	0	0	0	0	0
OTU_158	0	1	0	0	2	5	0	0	0	28	3	2	0	0	36	0	0	0	0	4
OTU_159	0	0	0	0	6	1	0	0	0	0	0	0	0	0	36	0	0	0	0	0
OTU_16	0	320	0	0	3	0	0	0	0	0	0	0	0	0	0	0	1	0	0	0
OTU_160	11	7	1	24	8	1	4	4	2	14	2	8	0	11	34	21	7	12	6	15
OTU_161	0	0	0	0	2	0	0	0	1	0	0	0	0	0	0	0	0	0	0	36
OTU_162	3	2	0	34	0	0	0	0	0	0	0	0	0	0	0	4	1	0	0	0
OTU_163	0	7	0	37	0	0	0	0	2	2	0	0	5	10	0	1	2	0	3	0
OTU_164	1	2	0	83	0	0	0	2	0	2	1	1	8	2	0	0	0	3	5	4
OTU_165	1	0	0	32	0	0	0	0	0	0	0	0	0	0	0	0	0	0	0	0
OTU_166	3	0	13	2	17	2	33	15	0	0	0	5	0	0	0	0	29	0	0	0
OTU_167	0	0	0	0	0	6	1	0	0	34	7	3	5	0	0	0	5	3	7	0
OTU_168	0	0	0	0	3	0	0	0	0	0	0	0	0	33	0	0	0	4	11	0
OTU_169	0	0	0	18	3	2	0	0	0	0	0	0	5	6	44	2	0	0	33	0
OTU_17	0	20	5	9	0	15	8	4	0	318	11	14	2	14	0	9	14	27	26	0
OTU_170	1	0	0	0	2	0	0	0	0	4	0	0	0	0	40	0	0	0	0	0
OTU_171	0	0	0	0	3	0	0	0	0	0	0	0	0	0	32	0	0	0	0	0
OTU_172	3	0	0	40	0	0	0	0	0	0	0	0	3	0	0	0	0	0	0	0
OTU_173	0	0	0	0	0	0	31	0	0	0	0	3	0	0	0	0	0	0	0	0
OTU_174	38	8	2	19	5	5	9	2	20	3	0	1	0	5	46	10	0	7	1	2
OTU_175	0	0	0	28	3	0	0	0	0	0	0	0	0	0	47	0	0	0	0	0
OTU_176	1	4	2	42	8	1	0	0	1	1	0	2	6	13	0	0	0	5	9	1
OTU_177	0	0	0	30	0	0	0	0	0	0	0	0	0	0	0	0	0	0	0	0
OTU_178	0	5	1	4	5	0	4	30	0	1	0	0	0	9	0	1	0	0	2	0
OTU_179	0	0	0	0	1	0	0	0	0	0	0	0	0	0	32	0	0	0	0	0
OTU_18	2	352	18	7	43	21	64	42	2	274	52	70	3	254	153	105	20	26	63	45
OTU_180	0	0	0	0	0	1	0	0	0	0	0	0	0	0	34	0	0	0	2	0
OTU_181	0	0	0	0	21	0	0	0	0	3	2	3	1	3	30	7	0	0	6	0
OTU_182	0	0	0	7	1	0	0	0	1	13	0	3	5	14	10	31	0	4	24	0
OTU_183	3	0	1	0	0	3	0	0	0	4	1	10	0	5	0	0	3	30	2	0
OTU_184	0	29	0	0	5	0	0	0	0	0	0	0	0	0	0	0	0	0	0	0
OTU_185	0	0	0	29	0	0	0	0	0	0	0	0	2	0	0	0	0	0	3	0
OTU_186	0	0	0	29	0	0	0	0	0	0	0	0	0	0	0	0	0	0	0	0
OTU_187	0	0	0	0	0	0	29	0	0	0	0	3	0	0	0	0	0	2	0	0
OTU_188	0	0	0	1	4	0	0	0	29	3	0	0	0	8	0	0	0	0	0	0
OTU_189	0	30	0	39	0	0	0	0	0	0	0	0	0	2	0	2	0	0	3	0
OTU_19	9	0	0	265	0	0	1	0	3	0	0	0	0	0	0	0	0	0	0	0
OTU_190	1	0	0	28	0	0	0	0	0	0	0	0	0	0	0	0	0	0	0	0
OTU_191	0	2	2	28	7	0	0	0	0	4	1	2	0	0	0	3	0	0	3	0
OTU_192	1	26	0	10	0	0	29	0	0	0	0	4	0	0	0	0	19	1	0	0
OTU_193	0	0	0	8	3	0	3	0	0	0	0	0	0	3	29	0	0	0	0	0
OTU_194	27	1	0	2	0	2	0	0	0	1	0	0	1	24	0	0	0	0	4	1
OTU_195	1	0	0	27	0	0	0	0	0	0	0	0	0	0	0	0	0	0	0	0
OTU_196	0	0	0	0	1	0	0	0	0	28	0	2	1	1	0	0	0	13	4	0
OTU_197	1	0	0	44	0	1	1	1	0	23	2	4	40	38	2	1	0	4	12	0
OTU_198	1	6	2	13	19	0	0	0	14	27	0	0	2	14	33	1	0	0	10	1
OTU_199	0	8	3	20	5	0	0	0	0	1	0	1	0	0	24	0	0	1	2	33
OTU_2	251	5969	881	602	359	339	1354	1376	388	1106	1299	1937	146	1607	251	553	600	1911	1332	570
OTU_20	1	141	0	55	0	0	284	0	0	0	0	54	0	0	0	0	306	8	0	0
OTU_200	2	0	0	26	0	3	0	0	0	1	0	0	0	2	0	0	0	0	0	0
OTU_201	0	9	11	0	28	4	14	15	3	3	3	19	1	2	3	1	5	18	1	3
OTU_202	0	5	0	0	1	0	0	0	0	26	0	0	0	1	1	2	0	1	0	17
OTU_203	0	0	0	0	3	0	0	0	0	0	0	0	0	0	43	0	0	0	0	0
OTU_204	18	0	0	0	3	0	0	0	0	5	0	0	0	0	0	4	0	0	0	73
OTU_205	0	3	0	1	1	1	0	3	0	0	0	0	0	2	0	0	0	0	4	28
OTU_206	0	0	0	0	0	0	0	0	31	2	0	0	0	0	0	0	0	0	0	0
OTU_207	0	0	0	0	0	0	0	0	27	9	0	0	0	0	0	1	0	0	0	0
OTU_208	0	0	0	0	18	0	0	0	0	25	4	1	0	0	0	4	0	0	0	0
OTU_209	0	0	0	4	2	7	0	0	0	6	6	4	0	2	33	0	4	0	7	1
OTU_21	1	369	69	34	173	104	142	229	251	65	39	64	11	21	14	27	10	28	3	12
OTU_210	0	27	0	0	0	0	3	0	0	2	0	0	0	3	1	0	2	1	2	6
OTU_211	1	0	0	24	0	0	0	0	0	0	0	0	0	0	0	0	0	0	0	0
OTU_212	1	3	0	21	18	6	0	0	0	25	0	6	1	17	30	6	2	15	8	4
OTU_213	0	0	0	0	2	1	0	0	0	0	0	0	0	0	24	1	0	0	0	0
OTU_214	0	16	1	2	18	7	0	1	13	7	0	0	7	1	6	2	1	1	25	1
OTU_215	31	0	0	0	0	0	0	0	0	0	0	0	0	0	0	0	0	0	0	0
OTU_216	2	2	0	23	0	0	0	0	0	0	2	5	0	2	0	1	0	0	1	0
OTU_217	1	0	0	23	0	0	0	0	0	0	0	0	0	0	0	0	0	0	0	0
OTU_218	1	0	0	29	0	2	0	0	0	0	0	0	3	0	0	0	0	0	0	0
OTU_219	0	0	0	23	0	0	0	0	0	0	0	0	0	0	0	0	0	0	0	0
OTU_22	0	0	0	0	0	0	0	0	272	35	0	0	0	0	0	8	0	0	0	0
OTU_220	0	1	1	2	2	1	27	0	0	5	0	1	0	16	0	0	0	6	3	0
OTU_221	0	21	0	0	0	0	0	23	0	0	0	0	0	0	0	3	0	0	0	0
OTU_222	0	0	0	0	0	0	0	0	0	0	0	0	0	0	0	0	0	23	1	0
OTU_223	0	0	0	0	0	0	0	0	0	4	0	2	0	12	0	0	0	23	6	0
OTU_224	0	0	0	11	0	0	0	0	0	0	0	0	0	0	0	0	0	23	0	0
OTU_225	0	22	0	9	0	0	0	0	0	2	0	3	1	4	0	2	6	0	21	21
OTU_226	0	22	1	12	1	0	0	8	0	1	0	0	2	0	0	0	0	1	11	5
OTU_227	0	0	0	22	0	0	0	0	0	0	0	0	0	0	0	0	0	0	0	0
OTU_228	0	0	0	0	0	0	0	0	22	3	0	0	0	0	0	0	0	0	0	0
OTU_229	0	0	0	0	0	0	0	0	22	3	0	0	0	0	0	0	0	0	0	0
OTU_23	1	0	0	0	30	4	0	0	0	1	0	0	0	0	282	0	0	0	0	0
OTU_230	0	0	0	0	0	0	0	0	0	22	0	0	0	0	0	1	0	0	0	0
OTU_231	0	0	1	3	0	23	0	1	0	22	0	2	0	1	2	7	0	0	1	0
OTU_232	0	0	0	0	0	0	2	0	0	0	0	1	0	2	22	0	0	0	0	0
OTU_233	0	0	0	0	3	0	0	0	0	0	0	0	0	0	22	0	0	0	0	0
OTU_234	0	0	1	0	0	2	0	0	0	0	0	0	0	0	0	0	0	22	0	0
OTU_235	0	0	0	6	1	0	0	0	0	6	0	1	0	0	0	0	0	0	2	22
OTU_236	32	0	0	0	4	0	25	0	0	0	0	5	0	0	0	6	0	0	0	3
OTU_237	23	0	0	0	0	0	0	0	0	0	0	0	0	0	0	0	0	0	0	0
OTU_238	18	24	1	0	0	0	0	0	0	9	0	0	0	0	0	0	0	0	1	0
OTU_239	58	0	0	37	9	2	0	1	34	3	0	0	3	4	43	1	0	1	0	6
OTU_24	0	0	0	0	0	2	0	0	271	35	0	0	0	1	0	5	0	0	0	0
OTU_240	14	5	2	21	7	0	0	0	0	1	1	4	1	3	0	1	0	7	16	0
OTU_241	0	0	0	21	0	0	0	0	0	0	0	0	0	0	0	0	0	0	0	0
OTU_242	1	2	0	21	0	0	0	0	0	0	0	2	0	8	0	5	0	0	4	0
OTU_243	0	0	0	21	0	0	0	0	0	1	0	0	8	0	0	2	0	0	1	0
OTU_244	0	6	0	0	3	0	4	0	0	32	0	2	0	0	0	0	0	0	1	0
OTU_245	0	0	0	0	0	0	0	0	5	3	0	0	0	21	0	8	0	0	15	0
OTU_246	0	1	0	2	0	0	0	0	0	0	0	3	1	25	0	3	0	0	28	0
OTU_247	0	1	0	5	0	0	0	0	0	2	0	0	0	21	0	0	0	0	1	0
OTU_248	1	0	0	10	2	0	0	0	3	14	4	1	0	21	2	0	0	0	8	27
OTU_249	0	0	0	0	0	0	0	0	0	0	0	1	0	0	0	0	0	0	0	21
OTU_25	0	0	0	0	19	2	0	0	0	0	0	0	0	0	283	0	0	0	0	1
OTU_250	3	2	5	20	0	0	0	0	0	4	0	0	0	19	0	0	1	0	1	0
OTU_251	20	0	27	36	1	0	0	17	0	6	0	1	9	5	6	8	0	12	4	0
OTU_252	6	0	0	0	0	0	0	0	3	13	0	2	2	22	0	3	0	1	8	0
OTU_253	4	0	0	3	3	0	2	0	6	2	0	1	0	0	24	0	3	0	0	5
OTU_254	0	0	0	0	2	1	0	0	0	13	0	0	0	7	16	0	0	0	6	22
OTU_255	19	0	0	0	0	0	0	0	0	0	0	0	0	0	0	0	0	0	0	0
OTU_256	19	0	0	6	0	0	0	0	0	0	1	0	0	0	0	0	0	0	2	0
OTU_257	19	0	0	0	0	0	14	0	0	0	0	0	0	1	0	0	0	0	1	0
OTU_258	13	0	0	24	0	0	0	6	4	1	0	0	0	0	0	0	0	0	0	0
OTU_259	0	0	0	33	0	0	0	0	0	0	0	0	1	0	0	0	0	0	0	0
OTU_26	75	0	0	0	12	4	0	0	0	0	0	0	0	12	0	0	0	0	0	296
OTU_260	0	0	0	19	0	0	0	0	0	0	0	0	0	0	0	0	0	0	0	0
OTU_261	0	0	0	26	0	0	0	0	0	1	0	2	1	9	0	1	0	0	4	0
OTU_262	0	0	0	19	0	0	0	0	0	0	0	0	1	0	0	0	0	0	0	0
OTU_263	0	7	0	1	0	0	19	0	1	0	0	3	0	4	0	0	0	0	1	0
OTU_264	0	0	0	0	0	0	19	0	0	0	0	4	0	0	0	0	0	0	0	0
OTU_265	0	0	0	11	0	0	0	0	1	1	0	1	0	34	0	1	0	2	5	0
OTU_266	0	0	0	0	2	0	0	0	0	0	0	0	0	0	19	0	0	1	0	0
OTU_267	0	18	0	1	0	0	0	0	0	2	0	1	0	2	0	0	0	0	1	0
OTU_268	1	0	0	18	0	0	0	0	0	0	0	0	0	0	0	0	0	0	0	0
OTU_269	0	1	0	18	0	8	1	3	0	9	1	0	2	0	0	0	6	0	2	0
OTU_27	11	6	0	241	0	1	0	14	0	87	0	6	0	229	0	12	0	4	121	0
OTU_270	0	8	1	18	10	0	5	3	0	1	2	6	1	10	0	1	6	0	6	4
OTU_271	0	0	0	18	5	0	0	0	0	0	0	0	0	0	0	0	3	0	0	0
OTU_272	1	0	0	18	0	0	0	0	0	0	0	0	0	0	0	0	0	0	0	0
OTU_273	1	0	0	18	0	0	0	0	0	0	0	0	20	0	0	13	0	0	2	0
OTU_274	0	0	0	0	0	0	0	0	22	4	0	0	0	0	0	0	0	0	0	0
OTU_275	0	0	0	8	0	0	0	1	0	1	2	0	0	22	0	0	4	2	5	0
OTU_276	0	1	0	2	2	1	0	0	0	1	0	3	0	0	24	6	0	2	3	0
OTU_277	0	0	0	3	0	0	0	0	0	7	0	0	0	0	0	0	18	0	7	0
OTU_278	0	0	0	0	0	2	0	0	0	2	2	6	1	0	0	1	9	0	18	0
OTU_279	19	7	0	20	0	0	0	0	0	1	0	8	0	6	7	2	0	0	1	0
OTU_28	0	0	0	0	0	0	0	0	239	40	0	0	0	1	0	7	0	0	0	0
OTU_280	1	0	0	17	0	0	0	0	0	0	0	0	0	0	0	0	0	0	8	0
OTU_281	1	0	0	17	0	0	0	0	0	0	0	0	13	0	0	0	0	0	0	0
OTU_282	11	17	1	25	2	0	0	1	0	8	0	3	16	19	0	4	1	8	13	14
OTU_283	0	0	0	17	0	0	0	0	0	0	0	0	1	0	0	0	0	0	0	0
OTU_284	0	0	0	17	0	0	0	0	0	0	0	0	0	2	0	0	0	0	3	0
OTU_285	2	0	0	17	0	0	0	0	0	0	0	0	0	0	0	0	0	0	2	0
OTU_286	0	0	0	0	0	0	0	17	0	0	0	0	0	0	0	0	0	0	1	0
OTU_287	0	5	0	0	0	0	0	16	19	1	0	0	0	13	0	0	0	0	2	0
OTU_288	5	0	8	2	2	0	5	12	0	1	2	18	0	5	0	0	11	0	6	1
OTU_289	1	5	0	8	3	0	0	0	0	17	0	0	0	17	29	1	0	0	11	2
OTU_29	29	0	0	0	22	24	0	0	0	0	0	0	0	0	255	1	0	0	0	1
OTU_290	0	0	0	0	0	0	0	0	0	0	0	0	0	0	0	0	0	0	0	17
OTU_291	0	26	1	0	1	0	2	0	0	0	1	0	0	8	9	0	0	0	7	0
OTU_292	0	16	0	0	0	0	0	7	0	2	0	1	0	8	0	0	0	0	0	0
OTU_293	0	20	0	0	0	0	0	0	0	0	1	0	4	0	0	5	0	0	4	0
OTU_294	0	6	0	16	0	0	0	0	0	3	0	2	3	7	0	6	0	0	4	0
OTU_295	0	2	0	17	0	0	0	0	0	0	1	0	0	0	0	0	0	0	1	0
OTU_296	3	8	6	64	2	1	0	5	0	12	0	8	17	10	13	3	2	12	16	1
OTU_297	0	0	2	0	0	5	0	0	0	18	3	9	0	1	0	0	4	5	0	0
OTU_298	4	0	0	8	2	3	1	5	4	1	0	0	0	0	16	0	0	0	0	0
OTU_299	0	0	0	0	0	0	1	4	0	0	0	3	0	0	19	0	0	0	0	0
OTU_3	355	344	957	1160	2178	2036	1097	910	699	556	25	239	43	219	123	87	3968	256	243	54
OTU_30	0	39	1	7	10	0	1	2	0	22	0	7	2	4	8	31	26	0	225	0
OTU_300	15	31	4	0	0	14	1	7	1	10	0	3	3	24	0	14	25	9	9	0
OTU_301	0	0	0	0	0	0	0	0	0	0	0	0	0	2	0	0	0	16	0	0
OTU_302	0	0	0	0	0	0	0	0	0	0	0	0	0	0	0	1	0	0	16	0
OTU_303	16	0	0	0	0	0	0	0	0	0	0	0	0	0	0	0	0	0	0	16
OTU_304	15	0	0	0	0	0	0	0	0	12	0	0	0	0	0	0	0	0	0	0
OTU_305	17	0	0	0	0	0	0	0	0	0	0	0	0	0	0	0	0	0	0	0
OTU_306	0	17	2	6	0	0	0	5	0	3	0	0	1	0	0	2	0	1	6	0
OTU_307	0	0	0	15	0	0	0	0	0	0	0	0	0	0	0	0	0	0	0	0
OTU_308	0	3	0	15	0	0	0	0	0	0	0	0	0	0	0	0	0	3	0	0
OTU_309	1	3	0	16	0	0	1	3	0	2	1	1	0	8	0	3	0	0	5	0
OTU_31	0	5	0	2	44	1	0	0	207	30	1	0	1	0	0	8	4	0	2	1
OTU_310	3	18	0	19	1	0	1	0	0	15	1	0	0	6	0	4	0	11	27	1
OTU_311	1	0	0	15	0	0	0	0	0	0	0	0	0	0	0	0	0	0	0	0
OTU_312	0	0	0	0	15	0	0	0	0	0	0	0	0	0	0	0	0	0	0	0
OTU_313	0	0	1	0	0	18	3	3	0	0	0	1	0	0	0	0	0	3	0	0
OTU_314	0	2	0	0	0	0	0	0	0	15	0	0	0	0	0	0	0	0	0	0
OTU_315	0	13	1	0	2	3	4	5	9	16	4	1	0	16	2	9	0	4	2	3
OTU_316	0	0	0	1	0	3	0	0	0	15	0	0	0	0	0	0	0	0	0	0
OTU_317	0	14	0	2	0	0	0	0	0	0	0	5	2	4	0	0	0	6	0	0
OTU_318	2	0	0	15	0	3	0	0	0	0	0	0	4	1	1	0	0	0	2	0
OTU_319	0	0	0	14	0	0	0	0	0	0	2	0	6	0	0	0	0	0	0	0
OTU_32	28	0	0	0	0	0	0	0	187	34	0	0	0	0	0	4	0	0	0	0
OTU_320	0	0	0	14	0	0	0	0	0	0	0	0	0	14	0	0	0	2	0	0
OTU_321	1	0	0	14	0	0	0	0	0	0	0	0	0	0	0	0	0	5	0	0
OTU_322	2	0	0	14	0	0	1	0	0	0	0	0	0	0	0	1	0	0	0	0
OTU_323	0	3	0	14	0	0	0	0	0	0	0	5	0	0	0	6	3	0	4	0
OTU_324	0	0	0	14	0	0	0	0	0	0	0	0	0	0	0	0	0	0	0	0
OTU_325	1	0	0	14	0	4	0	0	1	7	0	0	0	0	0	7	1	0	3	0
OTU_326	0	3	0	16	0	0	0	0	0	0	0	3	0	1	0	4	0	5	1	0
OTU_327	0	0	0	0	0	0	0	0	0	14	0	2	0	0	0	0	0	0	0	0
OTU_328	0	2	1	16	7	1	0	0	0	14	0	0	2	0	0	5	3	1	2	0
OTU_329	0	0	0	0	0	1	0	0	0	14	0	0	2	0	0	5	0	0	4	0
OTU_33	0	0	1	0	1	7	0	0	307	42	0	0	0	0	0	5	0	0	1	0
OTU_330	0	0	0	0	1	0	0	1	1	14	0	0	0	1	0	0	0	0	7	0
OTU_331	0	0	0	14	0	0	2	0	0	0	0	1	0	0	0	0	0	14	2	0
OTU_332	13	0	0	0	0	0	0	0	0	0	0	0	0	0	0	0	0	0	0	0
OTU_333	13	0	0	0	0	0	0	0	0	0	0	0	0	0	0	0	0	0	0	0
OTU_334	0	13	1	0	0	0	0	0	1	2	2	3	0	3	0	0	0	5	2	0
OTU_335	0	13	0	0	0	0	0	0	0	0	0	1	0	3	0	0	0	0	2	0
OTU_336	0	5	0	21	1	0	0	0	0	5	2	4	1	0	0	2	3	5	8	0
OTU_337	1	3	1	17	0	2	0	0	0	0	4	2	0	10	0	0	0	0	4	0
OTU_338	0	0	0	0	6	0	0	0	0	4	0	0	0	13	0	0	0	0	1	0
OTU_339	0	0	0	4	1	0	0	0	1	1	2	1	0	19	0	1	0	1	1	0
OTU_34	0	31	4	0	32	12	13	1	0	123	15	13	1	13	220	33	36	21	6	33
OTU_340	0	0	0	0	0	0	0	1	0	0	0	0	1	13	0	0	0	0	2	0
OTU_341	0	0	0	0	1	0	0	0	0	0	0	0	0	0	13	0	0	0	0	0
OTU_342	0	0	0	4	0	0	0	0	0	0	0	0	0	9	0	4	0	13	1	0
OTU_343	2	0	0	0	0	0	0	2	0	0	0	0	0	0	0	0	0	0	1	15
OTU_344	0	12	0	0	2	0	0	0	0	0	0	0	0	0	0	0	0	0	0	0
OTU_345	0	12	0	0	0	0	0	0	0	0	0	0	0	0	0	0	0	0	0	0
OTU_346	0	12	0	0	0	0	0	0	0	0	0	0	0	0	0	0	0	0	0	0
OTU_347	0	23	0	12	0	0	12	0	0	7	0	8	3	3	0	6	0	8	5	0
OTU_348	0	0	0	12	0	0	0	0	0	0	0	0	0	0	0	0	0	0	0	0
OTU_349	0	0	0	18	0	0	0	0	0	0	0	0	0	0	0	3	0	0	1	0
OTU_35	1	0	0	71	18	13	1	2	179	17	0	1	0	0	230	9	1	4	0	3
OTU_350	0	0	0	12	0	0	0	0	0	5	0	0	0	9	0	0	0	0	9	0
OTU_351	3	0	0	12	0	0	0	0	0	0	0	0	0	0	0	0	0	0	0	0
OTU_352	0	0	0	12	0	0	0	0	0	12	0	0	0	0	0	0	0	0	0	0
OTU_353	1	0	0	16	0	0	0	1	0	0	0	0	0	0	0	0	0	0	0	0
OTU_354	0	0	0	0	0	0	1	12	0	0	0	0	0	0	0	0	0	0	0	0
OTU_355	0	0	0	0	0	0	0	0	0	12	0	0	0	0	0	0	0	0	0	0
OTU_356	0	0	0	0	0	0	0	2	0	12	0	0	0	0	0	0	0	0	0	0
OTU_357	0	0	0	0	0	0	0	0	0	12	0	0	0	0	0	0	0	0	0	0
OTU_358	0	2	0	0	0	1	2	0	0	0	0	1	12	0	0	0	0	0	1	0
OTU_359	0	0	0	0	0	3	0	0	0	0	0	0	0	0	12	0	0	0	0	0
OTU_36	164	137	23	44	209	103	16	58	119	217	1	20	15	57	179	64	207	95	91	30
OTU_360	0	0	0	1	0	0	0	0	0	5	0	5	0	2	0	0	0	12	3	0
OTU_361	1	0	0	2	0	0	0	1	0	1	1	0	0	0	0	0	0	12	2	0
OTU_362	0	0	0	0	5	0	0	0	0	0	1	0	4	0	0	0	0	0	12	0
OTU_363	21	13	0	5	0	0	0	0	0	18	0	4	1	10	1	12	0	7	44	0
OTU_364	0	0	0	0	0	3	0	0	0	11	0	1	0	7	0	1	0	3	14	0
OTU_365	0	0	0	0	0	0	0	0	0	1	0	0	2	3	0	0	0	0	15	0
OTU_366	0	0	0	0	0	0	0	0	0	0	0	0	0	0	0	0	0	0	0	16
OTU_367	11	0	0	0	0	0	0	0	0	0	0	0	0	0	0	0	0	0	0	0
OTU_368	12	7	0	2	0	0	0	0	0	6	3	1	0	9	0	0	0	3	1	0
OTU_369	11	0	0	0	0	0	0	0	0	5	0	0	0	0	0	4	0	0	0	0
OTU_37	60	7	0	39	36	1	2	0	69	18	0	0	3	0	277	2	0	0	0	1
OTU_370	0	11	0	0	0	0	0	0	0	5	0	0	0	1	0	3	0	1	0	0
OTU_371	0	11	0	0	0	2	0	0	0	0	0	0	0	0	0	0	0	0	0	0
OTU_372	0	13	0	13	2	0	0	0	4	3	0	3	2	0	4	1	1	0	1	0
OTU_373	1	0	0	14	0	0	0	0	0	0	0	1	0	0	0	0	0	0	0	0
OTU_374	0	9	0	11	0	0	0	0	0	1	1	4	5	0	0	2	0	5	3	2
OTU_375	0	0	0	11	0	0	0	0	0	0	0	0	0	0	0	0	0	0	0	0
OTU_376	0	0	0	11	0	0	0	0	0	0	0	0	0	0	0	0	0	0	0	0
OTU_377	0	0	0	14	0	0	0	0	0	0	0	0	0	0	0	0	0	0	0	0
OTU_378	0	0	2	11	0	0	0	0	0	0	0	0	0	0	0	0	0	0	0	0
OTU_379	0	0	0	15	0	0	0	0	0	0	1	0	11	0	1	0	0	0	2	0
OTU_38	3	0	0	151	0	0	0	0	0	0	0	0	0	0	0	0	0	0	0	0
OTU_380	0	0	0	0	0	0	0	0	0	0	0	0	11	0	0	0	0	0	0	0
OTU_381	0	0	0	0	0	0	0	0	0	0	0	0	11	0	0	0	0	0	0	0
OTU_382	0	0	0	0	0	2	0	0	0	2	0	2	0	11	0	0	0	0	2	0
OTU_383	0	0	0	0	0	0	0	0	0	1	0	0	0	11	0	0	0	0	0	0
OTU_384	1	0	0	7	0	0	0	0	0	0	0	2	0	14	0	0	0	0	4	0
OTU_385	0	4	0	0	0	0	0	0	0	2	0	0	0	11	0	0	0	0	11	0
OTU_386	0	0	0	0	0	0	0	2	0	3	1	0	0	11	0	0	0	0	3	0
OTU_387	0	0	0	0	0	0	0	0	0	0	0	0	0	0	11	0	0	0	0	5
OTU_388	2	11	1	18	9	3	3	7	3	1	3	13	8	25	12	8	4	20	30	1
OTU_389	0	0	0	0	0	0	0	0	0	0	0	0	0	0	0	0	0	11	0	0
OTU_39	0	0	0	0	0	0	0	0	170	10	0	0	0	0	0	4	0	0	0	0
OTU_390	0	0	0	0	2	0	0	0	0	0	0	0	0	0	0	0	0	11	0	0
OTU_391	0	0	1	12	0	0	0	0	0	0	1	0	0	0	0	0	0	17	3	0
OTU_392	0	0	1	2	0	0	0	0	0	0	0	0	1	0	0	0	0	1	4	23
OTU_393	10	0	0	0	0	0	0	0	0	0	0	0	0	8	0	2	0	0	1	0
OTU_394	10	0	0	0	0	0	0	0	0	0	0	0	0	0	0	0	0	0	0	0
OTU_395	10	0	0	0	0	0	0	0	0	0	0	0	0	0	0	0	0	0	0	0
OTU_396	0	10	0	1	0	0	0	1	0	1	0	1	0	2	0	1	0	5	1	5
OTU_397	4	10	0	0	0	1	0	0	0	6	0	0	1	4	0	0	0	0	0	0
OTU_398	0	0	0	10	0	0	0	0	0	0	2	0	0	0	0	0	0	0	0	0
OTU_399	0	0	0	10	0	0	0	0	0	0	0	0	0	0	0	0	0	0	0	0
OTU_4	294	2036	990	832	18	243	1396	1113	181	1014	280	483	73	557	2	154	3300	500	353	50
OTU_40	0	0	0	0	10	1	0	0	0	0	0	0	0	0	175	0	0	0	0	0
OTU_400	0	0	0	10	0	0	0	0	0	0	0	0	0	0	0	0	0	0	0	0
OTU_401	0	0	0	10	0	0	0	0	0	0	0	1	0	0	0	0	0	1	0	0
OTU_402	0	0	0	18	0	0	0	0	0	0	0	0	0	7	0	0	0	0	1	0
OTU_403	1	0	0	10	0	1	0	0	0	1	0	0	0	0	0	0	0	2	0	0
OTU_404	0	0	0	10	0	0	0	0	0	0	0	0	0	0	0	0	0	0	0	0
OTU_405	0	0	0	10	0	0	0	0	0	0	0	0	0	0	0	0	0	0	0	0
OTU_406	1	0	0	12	0	0	0	0	0	0	0	0	0	0	0	0	0	0	0	0
OTU_407	0	0	0	10	0	0	0	0	0	0	0	0	0	0	0	0	0	0	0	0
OTU_408	0	0	0	0	10	0	0	0	0	0	0	0	0	0	0	0	0	0	0	0
OTU_409	0	1	0	0	0	10	0	0	0	0	0	0	0	0	0	0	0	0	0	0
OTU_41	0	0	0	0	0	0	0	0	172	22	0	0	0	0	0	2	0	0	0	0
OTU_410	0	1	2	0	0	0	0	3	10	1	0	0	0	1	0	0	10	1	0	0
OTU_411	8	0	0	0	0	6	0	0	0	11	0	0	0	0	0	5	0	0	0	0
OTU_412	0	7	0	0	0	0	0	0	0	10	0	0	0	0	4	0	0	0	0	0
OTU_413	1	8	3	7	14	0	0	6	0	18	8	7	4	32	1	16	0	17	7	2
OTU_414	0	0	0	0	0	0	0	0	0	0	10	0	0	0	0	0	0	0	1	0
OTU_415	0	1	1	0	4	1	0	0	0	0	1	10	0	4	0	0	0	7	2	2
OTU_416	0	6	2	3	2	0	0	5	1	0	0	2	10	1	0	0	0	13	3	4
OTU_417	0	0	0	0	0	0	0	0	0	1	0	0	0	10	0	0	0	0	0	0
OTU_418	0	0	0	4	0	3	0	0	0	0	0	0	0	10	0	0	0	0	0	0
OTU_419	0	5	0	3	6	0	0	0	0	7	0	2	2	10	0	2	0	2	1	0
OTU_42	0	0	1	0	0	10	1	2	239	28	1	0	0	0	0	5	1	0	0	0
OTU_420	0	5	0	2	0	0	0	1	0	0	0	5	0	10	0	0	0	4	7	0
OTU_421	0	0	0	5	0	0	0	0	3	0	0	0	0	12	0	0	0	0	0	0
OTU_422	0	0	0	0	2	0	0	0	0	1	0	0	0	0	15	0	0	0	0	0
OTU_423	7	0	1	5	0	2	0	3	3	1	0	0	3	0	0	0	10	1	5	0
OTU_424	0	0	0	0	0	0	0	0	0	0	0	1	0	3	0	0	0	0	12	0
OTU_425	0	0	0	0	0	0	0	0	0	0	0	0	0	0	0	1	0	0	10	0
OTU_426	0	0	0	0	0	0	0	0	0	1	2	0	0	0	0	1	0	0	10	0
OTU_427	0	0	0	0	1	0	0	0	0	0	0	0	0	0	0	0	0	0	0	10
OTU_428	0	0	0	4	0	0	5	0	0	3	0	3	1	2	0	1	0	1	4	14
OTU_429	9	0	0	0	0	0	0	0	0	0	0	0	0	0	0	0	0	0	0	0
OTU_43	0	0	0	0	4	0	0	0	0	0	0	0	0	0	0	0	0	0	0	145
OTU_430	0	9	1	0	1	0	0	0	0	0	0	0	0	0	1	0	0	4	0	0
OTU_431	0	9	0	0	0	0	0	0	0	0	0	0	0	0	0	0	0	0	0	0
OTU_432	0	9	0	0	0	0	3	0	0	0	0	0	0	1	0	3	0	0	4	0
OTU_433	0	9	0	0	0	0	0	0	0	0	0	0	0	0	0	0	0	0	0	0
OTU_434	0	10	0	3	1	0	0	4	0	0	4	5	6	3	0	0	0	4	1	0
OTU_435	0	10	0	9	0	0	0	0	0	0	0	0	0	2	0	2	0	1	2	0
OTU_436	0	0	3	9	0	0	0	0	0	0	0	0	0	0	0	0	0	0	0	0
OTU_437	0	0	0	9	0	0	0	0	0	0	0	0	0	2	0	0	0	1	0	0
OTU_438	0	0	0	9	0	0	0	0	0	0	0	0	0	0	0	0	0	4	3	0
OTU_439	0	0	0	9	0	0	0	0	0	0	0	0	0	0	0	0	0	0	0	0
OTU_44	1	20	0	34	1	13	1	2	0	6	2	3	1	148	23	0	1	47	56	0
OTU_440	0	0	0	9	0	0	0	0	0	0	0	0	0	0	0	0	0	0	0	0
OTU_441	0	0	0	9	0	0	0	0	0	0	0	0	1	0	1	0	0	0	1	0
OTU_442	0	0	0	9	4	0	0	6	0	0	0	0	0	0	0	0	0	0	4	0
OTU_443	0	3	0	9	0	0	0	0	0	2	0	0	5	1	0	0	0	0	3	0
OTU_444	0	3	0	13	1	0	0	0	0	1	0	1	0	0	0	5	0	0	1	0
OTU_445	0	0	0	9	0	0	0	0	0	0	0	0	0	0	0	0	0	0	1	0
OTU_446	0	0	0	9	0	0	0	0	0	0	0	0	0	0	0	0	0	0	0	0
OTU_447	1	0	0	9	0	0	0	0	0	0	0	0	0	0	0	0	0	0	0	0
OTU_448	2	7	1	13	0	0	0	0	0	0	0	0	0	3	0	0	3	1	4	0
OTU_449	0	0	0	9	0	0	0	0	0	0	0	0	0	0	0	0	0	0	0	0
OTU_45	0	0	0	0	0	0	0	0	157	24	0	0	0	0	0	1	0	0	0	0
OTU_450	0	5	0	9	0	0	0	0	0	0	0	0	0	4	0	0	0	0	1	0
OTU_451	1	0	0	11	0	0	0	0	0	0	0	1	0	0	0	0	0	0	0	0
OTU_452	0	0	0	9	0	0	0	0	0	0	0	0	0	0	0	0	0	0	0	0
OTU_453	0	0	0	9	0	0	0	0	0	0	0	0	0	0	0	0	0	0	1	0
OTU_454	0	0	0	0	0	0	9	0	0	0	0	1	4	0	0	0	0	0	0	0
OTU_455	0	13	0	0	4	0	0	9	0	0	0	0	0	0	0	0	0	0	0	0
OTU_456	0	0	0	2	0	0	1	9	0	0	0	0	0	0	0	0	0	0	0	0
OTU_457	4	1	1	5	0	0	1	9	0	0	1	4	0	8	0	2	0	2	6	0
OTU_458	0	0	0	0	0	0	0	9	0	0	0	0	0	0	0	0	0	0	0	0
OTU_459	0	7	3	0	0	2	0	9	0	4	4	3	0	2	0	7	0	0	5	0
OTU_46	0	0	2	0	5	21	0	4	0	0	0	0	0	0	164	1	0	0	0	0
OTU_460	0	0	0	0	0	0	0	0	0	9	0	0	0	0	0	0	0	0	0	0
OTU_461	0	0	0	0	0	0	0	0	0	9	0	0	0	0	0	0	0	0	0	0
OTU_462	0	0	0	0	0	3	0	0	0	9	0	1	0	2	0	2	1	0	4	0
OTU_463	0	0	0	0	0	0	0	0	0	9	0	0	0	0	0	0	0	0	0	0
OTU_464	10	1	0	0	0	2	0	10	0	21	0	0	0	0	0	2	0	0	0	0
OTU_465	0	0	0	0	0	0	0	0	0	0	0	0	9	0	0	0	0	0	0	0
OTU_466	0	0	0	0	0	0	0	0	0	0	0	0	0	9	0	0	0	0	0	0
OTU_467	0	0	1	12	0	0	0	2	0	0	0	1	4	13	1	3	0	8	8	3
OTU_468	0	0	0	0	0	0	0	0	0	0	0	0	0	9	0	0	0	0	0	0
OTU_469	0	0	0	0	0	0	0	0	0	0	0	0	5	9	0	0	0	0	8	0
OTU_47	5	69	57	15	185	43	100	79	111	35	14	55	3	39	5	22	24	18	4	14
OTU_470	0	0	0	0	0	0	0	0	0	0	0	0	0	0	9	0	0	0	0	0
OTU_471	0	0	0	0	0	0	0	0	0	0	0	1	0	0	0	9	0	0	0	0
OTU_472	0	0	0	0	0	0	0	0	0	0	0	1	0	1	0	0	0	9	1	0
OTU_473	0	0	0	0	0	0	0	0	0	3	0	0	0	0	0	0	0	9	0	0
OTU_474	0	0	0	4	0	0	0	0	0	0	0	0	0	1	0	1	0	0	9	0
OTU_475	0	0	0	0	0	0	0	0	0	0	0	0	0	0	0	0	0	0	9	0
OTU_476	0	0	0	0	0	1	0	0	0	0	0	0	0	1	0	0	0	0	9	0
OTU_477	0	0	0	0	0	0	0	0	0	0	0	0	0	0	0	0	0	0	9	0
OTU_478	0	0	0	0	0	0	0	0	0	0	0	0	6	0	0	0	3	1	10	0
OTU_479	0	0	0	0	0	0	0	0	0	0	0	0	0	0	0	0	0	0	0	9
OTU_48	38	28	2	141	33	5	77	19	133	46	2	22	17	13	69	13	12	4	3	158
OTU_480	8	0	0	0	0	0	0	0	0	0	0	0	0	0	0	0	0	0	0	0
OTU_481	0	8	0	0	0	0	0	0	0	0	0	0	0	0	0	0	0	0	0	0
OTU_482	0	14	2	0	0	0	0	1	0	0	0	0	0	0	0	0	0	1	4	0
OTU_483	1	0	0	8	0	0	0	0	0	0	0	0	0	0	0	0	0	0	0	0
OTU_484	0	0	0	8	0	0	0	0	0	0	2	0	2	7	0	0	0	2	3	0
OTU_485	0	0	0	8	0	0	0	0	0	0	0	2	0	0	0	0	0	0	0	0
OTU_486	1	0	0	8	0	0	0	2	0	0	0	0	0	8	0	0	0	0	4	0
OTU_487	0	0	0	8	0	0	0	0	0	0	0	0	0	0	0	0	0	0	2	0
OTU_488	0	0	0	8	0	0	0	0	0	0	0	0	0	0	0	0	0	0	0	0
OTU_489	1	0	0	8	0	0	0	0	0	0	0	0	7	0	1	0	0	0	0	0
OTU_49	0	0	0	0	0	0	0	0	138	25	0	0	0	0	0	11	0	0	0	0
OTU_490	0	0	0	8	0	0	0	0	0	0	0	0	0	0	0	0	0	0	0	0
OTU_491	1	0	0	8	0	0	0	0	0	0	0	0	0	0	0	1	0	2	1	0
OTU_492	0	0	0	0	8	0	0	0	0	0	0	0	0	0	0	0	0	0	0	0
OTU_493	0	0	1	0	0	15	0	0	0	0	0	0	0	0	0	0	0	1	0	0
OTU_494	0	0	0	0	0	0	0	8	0	0	0	0	0	0	0	0	0	0	0	0
OTU_495	1	0	0	0	0	0	2	0	8	1	0	1	0	0	0	1	0	0	0	0
OTU_496	4	6	6	6	8	0	9	5	0	8	0	6	3	5	0	0	2	6	2	2
OTU_497	0	0	0	1	0	4	0	0	1	9	0	0	1	1	0	1	0	8	6	0
OTU_498	0	3	0	0	0	0	1	0	0	8	0	0	0	0	0	0	4	0	3	0
OTU_499	0	0	2	3	0	0	0	1	0	9	0	0	0	0	4	0	0	0	0	0
OTU_5	56	521	16	74	21	1	10	115	60	126	18	141	5	1263	30	139	57	80	1828	2
OTU_50	5	137	46	33	12	2	131	36	2	72	55	83	8	115	16	26	147	104	84	9
OTU_500	0	0	0	0	0	0	0	0	0	8	0	0	0	0	0	6	0	0	0	0
OTU_501	0	1	0	0	0	0	0	0	0	8	0	5	0	0	0	0	0	0	5	0
OTU_502	0	0	0	0	0	0	0	0	0	8	0	0	0	0	0	0	0	0	0	0
OTU_503	0	0	0	0	0	0	0	0	0	8	0	0	0	0	0	0	0	0	0	0
OTU_504	0	0	0	0	0	0	0	0	0	0	0	11	0	5	0	0	0	0	2	0
OTU_505	0	0	0	0	0	0	0	7	0	0	0	8	0	0	0	0	0	0	0	0
OTU_506	0	0	0	1	1	0	0	0	0	2	0	0	0	13	0	0	0	0	4	0
OTU_507	0	0	0	6	0	0	0	0	0	0	0	0	0	8	0	0	0	0	0	0
OTU_508	0	0	0	0	0	0	0	0	0	0	1	0	3	8	0	1	0	1	3	0
OTU_509	0	0	0	0	0	0	0	0	0	0	0	0	0	8	0	0	0	0	2	0
OTU_51	0	41	0	1	14	5	4	3	0	17	4	6	1	38	201	13	6	9	43	0
OTU_510	0	0	0	0	0	0	0	0	0	0	0	0	0	8	0	0	0	0	0	0
OTU_511	0	0	0	0	0	0	0	0	0	1	0	0	0	8	0	4	0	0	0	0
OTU_512	0	4	0	3	0	0	0	0	0	0	0	0	0	8	0	0	0	0	0	0
OTU_513	0	0	0	0	0	0	0	0	0	0	0	0	1	16	0	0	0	0	5	0
OTU_514	0	0	0	0	0	0	0	0	0	1	0	0	0	8	0	0	0	0	6	0
OTU_515	0	0	0	1	0	0	0	0	0	0	0	0	4	2	13	0	0	0	0	0
OTU_516	0	0	1	2	1	1	0	0	0	1	0	0	0	5	9	1	0	0	1	0
OTU_517	0	7	0	13	0	0	3	4	0	0	0	0	0	2	8	3	0	0	1	0
OTU_518	0	4	0	0	0	0	0	0	0	0	0	2	0	0	0	8	0	0	0	0
OTU_519	0	0	0	2	0	0	0	0	0	0	0	0	0	0	0	0	8	0	0	0
OTU_52	0	0	0	0	0	0	0	0	149	16	0	0	0	0	0	2	0	0	0	0
OTU_520	0	0	0	0	0	0	0	0	0	0	0	0	0	0	0	0	0	8	0	0
OTU_521	0	0	0	0	0	0	0	0	0	0	0	0	0	1	0	0	0	0	8	0
OTU_522	0	0	0	1	6	0	0	5	1	1	0	0	0	3	0	0	0	0	8	0
OTU_523	7	0	0	0	0	0	0	0	0	0	0	0	0	0	0	0	0	0	0	0
OTU_524	7	0	0	0	0	0	0	0	0	0	0	0	0	0	0	0	0	0	0	0
OTU_525	7	0	0	0	0	0	0	0	0	0	0	0	0	0	0	0	0	0	0	0
OTU_526	0	7	0	0	0	0	0	0	0	1	0	0	0	6	0	2	0	0	0	0
OTU_527	0	10	4	0	0	0	0	0	0	0	0	1	0	4	0	1	3	0	4	0
OTU_528	1	0	0	7	0	0	0	0	0	0	0	0	1	0	0	0	0	0	0	0
OTU_529	0	0	0	7	0	0	0	2	0	0	1	0	1	0	0	0	0	0	0	0
OTU_53	4	127	6	14	22	1	0	6	0	3	6	8	1	43	0	0	3	2	19	0
OTU_530	0	0	0	7	0	0	0	0	0	0	0	4	0	0	0	0	0	0	1	0
OTU_531	0	0	0	13	0	0	0	0	0	1	0	0	0	0	0	0	0	0	0	0
OTU_532	0	0	0	9	0	0	0	5	0	0	0	0	0	1	0	0	0	0	0	0
OTU_533	0	0	0	7	3	0	5	0	0	5	0	0	0	7	0	0	0	1	3	0
OTU_534	1	0	0	7	0	0	0	0	0	0	0	0	0	0	0	0	0	0	0	0
OTU_535	1	0	0	7	0	0	6	0	0	0	0	1	4	0	0	0	0	0	3	0
OTU_536	0	0	0	7	0	0	0	0	0	0	0	0	0	0	0	0	0	0	0	0
OTU_537	0	0	0	7	0	0	0	0	0	1	0	0	0	4	0	0	0	0	0	0
OTU_538	0	0	0	7	0	0	0	0	0	0	0	0	0	0	0	0	0	0	0	0
OTU_539	0	0	0	7	0	0	0	0	0	0	0	0	0	0	0	0	0	0	0	0
OTU_54	13	0	0	0	5	2	125	0	0	0	0	22	0	0	0	0	1	2	0	30
OTU_540	0	0	0	11	0	0	0	0	0	0	0	0	0	0	0	0	0	0	0	0
OTU_541	0	0	1	7	0	0	0	0	0	0	0	1	0	0	0	0	0	0	1	0
OTU_542	0	0	0	0	9	0	0	0	0	0	0	0	0	0	0	0	0	0	0	0
OTU_543	0	2	0	0	7	0	0	0	0	7	1	0	0	7	1	0	0	1	1	0
OTU_544	0	0	0	0	0	0	0	0	7	0	0	0	1	0	0	0	0	0	0	0
OTU_545	0	0	0	0	1	0	0	0	0	7	0	0	0	0	0	0	0	0	0	0
OTU_546	0	0	0	0	0	0	0	0	0	7	0	0	0	0	0	0	0	0	0	0
OTU_547	0	0	0	0	0	0	0	0	0	7	0	0	0	0	0	0	0	0	0	0
OTU_548	0	0	0	0	0	0	0	0	0	7	0	0	0	0	0	0	0	0	0	0
OTU_549	0	0	1	5	0	0	0	0	0	7	0	2	0	2	0	6	0	1	2	0
OTU_55	2	163	12	35	117	15	8	27	69	158	26	45	4	58	20	12	202	38	38	0
OTU_550	0	0	0	0	0	0	0	0	0	7	0	0	0	0	0	0	0	0	0	0
OTU_551	0	0	0	5	0	0	0	0	0	0	2	0	7	0	0	0	0	0	5	0
OTU_552	0	5	2	4	1	0	0	0	0	0	0	0	7	0	0	0	0	0	2	0
OTU_553	0	0	0	0	0	0	0	0	0	0	0	0	0	7	0	0	0	0	2	0
OTU_554	0	0	0	0	0	0	0	0	0	0	0	0	0	7	0	0	0	0	0	0
OTU_555	0	0	0	0	0	0	0	0	0	0	0	0	0	7	0	0	0	0	1	0
OTU_556	0	0	0	0	0	0	0	0	0	0	0	0	0	7	0	0	0	0	0	0
OTU_557	0	0	0	8	0	0	0	0	0	0	0	0	0	8	0	0	0	0	0	0
OTU_558	0	1	0	0	0	0	0	0	0	0	0	1	1	7	0	0	1	0	4	0
OTU_559	0	0	1	0	0	0	0	0	0	0	0	0	0	7	0	0	0	0	0	0
OTU_56	2	24	2	0	12	2	1	2	1	85	103	98	25	112	129	42	2	112	119	39
OTU_560	0	2	0	0	0	0	0	0	0	0	0	0	0	7	0	0	0	0	0	0
OTU_561	0	0	0	0	0	0	0	1	3	0	0	0	0	0	9	0	0	0	1	2
OTU_562	0	0	0	0	1	1	0	0	0	0	0	0	0	0	11	1	0	0	0	0
OTU_563	0	0	0	0	0	0	0	0	0	6	0	5	0	0	0	7	0	0	0	0
OTU_564	0	0	0	0	0	0	0	0	0	3	0	0	0	0	0	7	0	0	0	0
OTU_565	0	0	0	0	0	0	0	0	0	1	0	3	0	0	0	0	0	7	5	0
OTU_566	0	0	0	0	0	0	0	0	0	0	0	0	0	0	0	0	0	7	0	0
OTU_567	0	0	0	1	0	0	0	1	0	0	0	4	0	0	0	0	0	7	0	0
OTU_568	0	0	0	0	0	0	0	0	0	0	0	0	0	0	0	0	0	7	0	0
OTU_569	0	0	0	0	0	0	1	0	0	1	0	3	2	2	0	0	0	7	7	0
OTU_57	6	35	1	214	45	7	1	7	4	40	0	11	22	151	23	18	13	22	49	25
OTU_570	0	8	0	0	0	0	0	0	0	0	0	0	0	5	0	1	0	0	7	0
OTU_571	0	0	0	0	1	0	0	0	0	0	0	3	0	0	0	0	0	0	7	0
OTU_572	0	0	0	4	0	0	0	0	1	0	0	0	1	5	0	0	0	0	9	0
OTU_573	0	0	0	0	0	0	0	0	0	0	0	0	0	0	0	0	0	0	0	7
OTU_574	0	6	0	1	1	0	0	0	0	0	1	0	0	0	0	0	0	0	0	7
OTU_575	6	0	0	0	0	0	0	0	0	0	0	0	0	0	0	0	0	0	0	0
OTU_576	6	0	1	3	0	0	0	0	0	0	0	0	1	5	0	0	0	0	4	0
OTU_577	6	0	0	0	0	0	0	0	0	0	0	0	0	0	0	0	0	0	0	0
OTU_578	0	6	0	0	0	0	0	0	0	0	0	0	0	2	0	0	0	0	0	0
OTU_579	0	8	0	0	0	0	0	0	0	0	0	0	0	0	0	0	0	0	0	0
OTU_58	2	0	0	14	0	111	0	1	0	2	0	0	0	0	0	0	0	0	2	0
OTU_580	0	6	0	0	0	0	0	0	0	0	0	0	0	0	0	0	0	0	0	0
OTU_581	2	6	0	6	0	0	0	0	0	0	0	0	0	2	0	0	0	0	2	0
OTU_582	0	6	0	0	0	0	0	0	0	0	0	0	0	3	0	0	0	0	0	0
OTU_583	0	6	0	0	0	0	2	0	0	0	0	1	0	0	0	0	0	1	0	0
OTU_584	0	6	0	0	0	0	0	0	0	0	0	3	2	0	0	0	0	0	0	0
OTU_585	0	0	0	6	0	0	0	0	0	0	0	0	0	0	0	0	0	0	0	0
OTU_586	0	0	0	6	0	0	0	0	0	0	0	0	0	0	0	0	0	0	0	0
OTU_587	0	0	0	6	0	0	0	0	0	1	0	0	1	6	1	0	0	0	0	0
OTU_588	0	0	0	6	0	0	0	0	0	0	0	0	0	0	0	0	0	0	0	0
OTU_589	1	0	0	6	0	0	0	0	0	0	0	0	0	0	0	0	0	0	0	0
OTU_59	4	6	9	12	42	13	3	67	1	17	15	9	1	24	27	9	1	6	8	112
OTU_590	0	0	0	8	0	0	0	0	0	0	0	0	1	0	0	0	0	0	0	0
OTU_591	0	0	0	6	0	0	0	0	0	0	0	0	0	7	0	0	0	0	0	0
OTU_592	1	0	0	6	0	0	0	1	0	0	0	0	0	0	0	0	0	0	0	0
OTU_593	1	1	0	8	0	0	0	0	0	4	0	0	0	0	0	0	0	0	1	0
OTU_594	0	0	0	8	0	0	0	0	0	0	0	3	0	1	0	0	1	3	0	0
OTU_595	0	0	0	6	0	0	0	0	0	0	0	0	0	0	0	0	0	0	0	0
OTU_596	0	0	0	6	0	0	0	0	0	0	0	0	0	0	0	0	0	0	0	0
OTU_597	0	0	0	6	0	0	0	0	0	0	0	0	0	0	0	0	0	0	0	0
OTU_598	0	0	0	8	0	0	0	0	0	0	0	0	3	0	0	0	0	2	0	0
OTU_599	0	0	0	6	0	0	0	0	0	0	0	0	0	0	0	0	0	0	0	0
OTU_6	37	1510	91	126	239	51	204	176	162	116	49	113	6	138	14	24	55	18	92	59
OTU_60	0	0	0	0	8	0	0	0	0	0	0	0	0	0	93	0	0	0	0	1
OTU_600	0	0	1	6	0	0	0	0	0	0	3	3	3	0	0	0	0	4	4	0
OTU_601	0	0	0	6	0	0	0	0	0	0	0	0	2	2	1	0	0	0	2	0
OTU_602	0	0	0	0	0	0	6	0	0	0	0	1	0	0	0	0	0	2	0	0
OTU_603	0	0	0	0	0	0	6	0	0	0	0	2	0	0	0	0	0	1	0	0
OTU_604	0	0	0	2	0	0	6	0	0	0	0	0	0	0	0	4	0	0	0	0
OTU_605	0	5	0	2	0	0	6	0	0	0	0	2	0	0	0	0	1	0	0	0
OTU_606	0	0	0	0	0	0	6	0	0	0	0	0	0	0	0	0	0	0	0	0
OTU_607	0	0	0	0	0	0	6	0	0	0	0	0	0	0	0	0	0	0	0	0
OTU_608	0	3	1	0	0	1	0	6	0	4	0	6	0	5	0	0	2	2	0	0
OTU_609	0	0	0	0	0	0	0	6	0	0	0	0	0	0	0	0	0	0	0	0
OTU_61	0	0	0	0	9	5	0	0	0	0	0	0	0	0	101	0	0	0	0	2
OTU_610	0	0	0	0	0	0	0	6	0	0	0	0	0	1	0	0	0	0	0	0
OTU_611	0	1	0	0	0	0	0	7	0	0	0	0	0	0	0	0	0	0	0	0
OTU_612	0	0	0	0	0	0	0	0	12	2	0	0	0	0	0	0	0	0	0	0
OTU_613	0	0	0	0	0	0	0	0	0	6	0	0	0	0	0	0	0	0	0	0
OTU_614	0	0	0	0	0	0	0	0	0	6	0	0	0	0	0	0	0	0	1	0
OTU_615	0	0	0	0	1	0	0	0	0	6	0	0	0	0	0	0	0	0	0	0
OTU_616	0	0	0	0	0	0	0	0	0	0	0	0	6	0	0	0	0	0	0	0
OTU_617	0	0	0	4	0	0	0	0	0	0	0	0	6	0	0	4	0	0	1	0
OTU_618	0	0	0	3	0	0	0	0	0	0	0	0	6	0	0	0	0	0	3	0
OTU_619	0	0	0	0	0	0	0	0	0	0	0	0	9	0	0	0	0	0	0	0
OTU_62	2	0	0	0	3	4	1	1	135	24	0	1	0	0	76	1	1	2	0	0
OTU_620	0	0	0	0	0	0	0	0	0	1	0	0	0	6	0	0	0	0	1	0
OTU_621	0	0	0	5	0	0	0	0	1	0	0	0	1	6	0	0	0	1	0	0
OTU_622	0	0	0	0	0	0	0	0	1	0	0	0	0	6	0	0	0	0	0	0
OTU_623	0	0	0	0	0	0	0	0	0	1	0	0	0	6	0	0	0	0	1	0
OTU_624	0	0	0	1	0	0	0	0	0	0	0	0	0	6	0	0	0	0	2	0
OTU_625	0	0	0	0	0	0	0	0	0	1	0	0	0	6	0	0	0	2	0	0
OTU_626	0	1	0	1	0	0	0	0	0	0	0	3	0	6	0	0	0	1	4	0
OTU_627	0	0	0	0	0	0	0	0	2	0	0	0	3	6	0	0	0	0	1	0
OTU_628	0	1	0	5	0	2	0	4	0	5	1	3	4	6	16	11	0	11	12	0
OTU_629	0	5	0	0	0	0	0	0	1	5	2	4	0	5	7	1	0	2	9	0
OTU_63	0	0	0	1	0	0	97	0	0	0	0	14	0	0	0	0	0	2	0	0
OTU_630	0	0	0	0	1	0	0	0	0	0	0	0	0	0	6	0	0	0	0	0
OTU_631	0	0	0	0	0	0	0	0	0	0	0	0	0	0	0	6	0	0	0	0
OTU_632	0	0	0	0	0	0	0	0	0	0	0	1	0	5	0	0	6	0	0	0
OTU_633	0	5	0	0	0	0	0	0	0	0	0	0	0	0	0	0	6	0	0	0
OTU_634	0	0	0	0	0	0	0	0	0	0	0	0	0	0	0	0	0	6	3	0
OTU_635	0	0	0	0	0	0	0	0	0	0	0	0	0	0	0	0	0	8	0	0
OTU_636	0	0	0	0	0	0	0	0	0	0	0	0	0	0	0	0	0	6	0	0
OTU_637	0	0	0	0	0	0	0	0	0	0	0	0	0	0	0	0	0	6	0	0
OTU_638	0	0	0	0	0	0	0	0	0	0	0	0	0	0	0	0	0	6	0	0
OTU_639	0	0	0	0	0	0	0	0	0	0	0	0	0	0	0	0	0	6	3	0
OTU_64	10	22	0	46	35	1	13	11	0	15	1	11	2	5	114	0	0	63	10	0
OTU_640	0	3	0	0	0	0	0	0	0	2	0	2	3	1	1	0	0	0	6	0
OTU_641	0	0	0	0	0	0	0	0	0	0	0	0	0	0	0	0	0	0	6	0
OTU_642	0	0	0	0	0	0	0	0	0	0	0	0	0	0	0	0	0	0	6	0
OTU_643	0	0	0	0	0	0	0	0	0	0	0	0	0	0	0	0	0	0	6	0
OTU_644	0	0	0	0	0	0	0	0	0	5	0	0	0	0	0	0	0	0	6	0
OTU_645	0	0	0	0	0	0	0	0	0	0	0	0	0	0	0	0	0	0	6	0
OTU_646	0	0	0	0	0	0	0	0	0	0	0	0	0	0	0	0	0	0	6	0
OTU_647	0	0	0	1	0	0	0	0	0	1	0	0	0	3	0	1	0	0	6	0
OTU_648	5	0	0	0	0	0	0	0	0	0	0	0	0	0	0	0	0	0	0	0
OTU_649	5	0	0	4	0	0	0	0	0	0	0	0	1	0	0	0	0	0	1	0
OTU_65	1	0	0	0	4	1	0	0	0	0	0	0	0	0	95	0	0	0	0	1
OTU_650	0	5	0	0	0	0	0	0	0	3	0	0	0	5	0	0	0	0	2	0
OTU_651	0	5	0	0	0	0	0	0	0	0	2	0	0	0	0	0	0	0	0	0
OTU_652	0	5	0	0	0	0	0	0	0	0	0	0	0	0	0	0	0	0	0	0
OTU_653	1	0	0	5	0	0	0	0	0	0	0	0	0	0	0	0	0	0	1	0
OTU_654	0	0	0	5	0	0	0	0	0	0	0	0	0	0	0	0	0	0	0	0
OTU_655	0	0	0	5	0	0	0	0	0	0	0	0	0	0	0	0	0	0	0	0
OTU_656	0	3	0	5	2	0	0	0	0	1	4	0	0	0	0	0	0	4	0	0
OTU_657	0	0	0	5	0	0	0	0	0	0	0	0	2	0	0	0	0	0	0	0
OTU_658	0	0	0	5	0	0	0	0	0	0	0	0	1	0	0	0	0	0	2	0
OTU_659	0	0	0	8	0	0	0	0	0	0	0	0	0	0	0	0	0	0	0	0
OTU_66	0	0	0	0	6	0	0	0	0	0	0	0	0	0	96	0	0	0	0	1
OTU_660	0	0	0	5	0	0	0	0	0	0	0	0	0	0	0	0	0	0	0	0
OTU_661	2	0	0	9	0	0	0	0	0	0	0	0	0	0	0	0	0	0	0	0
OTU_662	0	0	0	5	0	0	0	0	0	0	0	0	0	0	0	0	0	0	0	0
OTU_663	0	2	0	9	1	0	0	0	0	0	0	0	0	0	0	0	0	0	0	0
OTU_664	1	0	0	5	0	0	0	0	0	0	0	0	5	0	0	0	0	0	4	0
OTU_665	0	0	0	5	0	0	0	0	0	0	0	0	0	0	0	0	0	0	0	0
OTU_666	1	1	0	5	0	0	0	0	0	0	1	0	0	0	0	0	0	0	0	0
OTU_667	0	0	0	5	0	0	0	0	0	0	0	0	0	1	0	0	0	0	0	0
OTU_668	1	0	0	6	0	0	0	4	0	3	0	0	2	0	0	0	0	0	1	0
OTU_669	0	0	0	5	0	0	0	0	0	0	0	0	0	0	0	0	0	0	0	0
OTU_67	3	0	0	81	0	2	1	0	2	76	0	0	1	58	0	10	3	1	5	0
OTU_670	0	0	0	5	0	0	0	0	0	0	0	0	0	0	0	0	0	0	0	0
OTU_671	0	0	0	5	0	0	0	0	0	0	0	0	4	4	0	0	0	4	0	0
OTU_672	0	0	0	0	5	0	0	0	0	3	0	0	0	0	0	0	0	0	0	0
OTU_673	0	0	0	0	5	0	1	0	0	0	0	1	0	0	0	0	0	0	0	0
OTU_674	0	0	0	0	5	0	2	0	0	0	0	0	0	0	0	0	0	0	0	0
OTU_675	0	3	1	0	1	5	0	2	0	0	0	0	0	1	2	4	0	0	2	0
OTU_676	0	0	0	0	0	6	1	1	0	0	0	3	0	0	0	0	2	0	0	0
OTU_677	0	0	0	0	0	7	1	1	0	0	0	0	0	0	0	0	0	1	0	0
OTU_678	0	0	0	0	0	7	0	0	0	0	0	0	0	0	0	0	0	0	0	0
OTU_679	0	1	0	3	0	5	0	0	0	0	0	0	0	0	4	0	0	0	0	1
OTU_68	0	0	0	0	6	0	37	0	0	0	0	1	0	0	0	0	0	1	0	80
OTU_680	0	3	0	0	0	0	0	10	0	0	0	0	0	0	0	1	0	0	0	0
OTU_681	0	0	0	0	0	0	0	0	5	0	0	0	0	0	0	0	1	0	0	0
OTU_682	0	0	0	0	0	1	0	0	0	5	0	0	0	0	0	2	0	0	0	0
OTU_683	0	0	0	0	0	0	0	0	0	5	0	0	0	0	0	0	0	0	1	0
OTU_684	0	0	0	0	0	0	0	0	0	5	0	0	0	0	0	0	0	0	0	0
OTU_685	0	0	0	0	0	0	0	0	0	0	5	0	0	0	0	0	0	0	0	0
OTU_686	0	0	0	0	0	0	0	0	0	0	0	5	0	2	0	0	0	0	3	0
OTU_687	0	2	0	0	0	0	0	0	0	0	0	0	5	0	0	0	4	0	0	0
OTU_688	0	0	0	4	0	0	0	0	0	0	0	0	5	0	0	0	0	0	1	0
OTU_689	0	0	0	0	0	0	0	0	0	0	0	0	5	0	0	0	0	0	0	0
OTU_69	0	39	4	13	5	1	3	10	0	74	2	6	0	9	0	12	0	8	15	0
OTU_690	0	0	0	0	0	2	0	0	4	1	0	0	5	0	0	0	0	0	0	0
OTU_691	0	3	0	0	4	1	0	5	2	4	2	2	1	5	0	1	0	2	0	3
OTU_692	0	0	0	1	0	1	0	0	0	0	0	0	0	5	0	0	0	0	2	0
OTU_693	0	0	0	0	0	0	0	0	0	0	0	0	0	5	0	0	0	0	0	0
OTU_694	0	1	0	4	0	0	0	0	0	0	0	3	0	5	0	0	0	0	2	0
OTU_695	0	0	0	0	0	0	0	0	0	0	0	1	0	5	0	0	0	0	0	0
OTU_696	0	0	0	0	0	0	0	0	0	1	0	0	0	5	0	0	0	0	0	0
OTU_697	0	0	0	0	0	0	0	0	0	0	0	0	0	5	0	0	0	0	0	0
OTU_698	0	0	0	0	0	0	0	0	0	0	0	0	0	5	0	0	0	0	0	0
OTU_699	0	0	0	1	3	0	0	0	0	1	0	0	0	9	0	2	0	1	1	0
OTU_7	1250	0	0	0	0	0	0	0	0	0	0	0	0	0	0	0	0	0	0	0
OTU_70	26	5	1	10	4	1	1	18	0	4	0	14	0	80	0	2	1	7	43	4
OTU_700	0	0	0	0	0	0	0	0	0	0	0	0	0	5	0	0	0	0	5	0
OTU_701	0	2	0	3	0	0	0	0	0	0	2	0	1	5	0	2	0	0	1	0
OTU_702	0	1	0	0	0	1	0	0	0	4	2	0	0	5	1	1	0	1	2	0
OTU_703	0	0	0	0	0	0	0	0	0	0	0	0	2	7	0	0	0	0	0	0
OTU_704	0	0	0	0	0	1	0	0	0	1	0	0	0	6	0	0	0	0	2	0
OTU_705	0	0	0	0	0	0	0	0	0	0	0	0	0	5	0	0	0	0	0	0
OTU_706	0	0	0	0	0	0	0	3	0	0	0	0	0	0	6	0	0	0	0	1
OTU_707	3	4	0	0	0	0	0	0	0	0	2	0	0	0	0	5	1	0	0	0
OTU_708	0	0	0	0	0	3	0	0	0	0	0	0	0	0	0	5	0	0	0	0
OTU_709	0	0	0	0	0	0	0	0	0	0	0	0	0	4	0	5	0	0	1	0
OTU_71	32	22	2	10	0	4	2	3	3	40	0	4	3	69	36	3	0	1	30	0
OTU_710	0	2	1	0	0	0	0	0	0	0	0	1	3	0	0	0	5	2	1	0
OTU_711	0	0	0	0	0	0	0	0	0	0	0	0	0	0	0	0	5	0	0	0
OTU_712	2	0	0	1	0	1	0	0	4	1	2	0	0	0	0	2	5	0	2	0
OTU_713	0	0	0	0	0	0	0	0	0	0	0	1	0	0	0	0	0	5	2	0
OTU_714	0	0	0	0	0	0	0	0	0	0	0	0	0	0	0	0	0	5	3	0
OTU_715	0	0	0	0	0	0	0	0	0	0	0	1	0	0	0	0	0	5	2	0
OTU_716	3	0	0	0	1	0	0	0	3	0	0	0	0	1	1	2	0	6	0	0
OTU_717	0	0	0	0	0	0	0	0	0	0	0	0	0	0	0	0	0	5	0	0
OTU_718	0	0	0	0	0	0	0	0	0	0	0	0	0	2	0	0	0	5	0	0
OTU_719	0	0	0	0	0	0	0	0	0	1	1	0	0	0	0	0	0	5	3	0
OTU_72	0	0	0	0	7	0	0	0	0	0	0	0	0	0	69	1	0	0	0	0
OTU_720	0	0	0	0	0	0	0	0	0	0	0	0	0	0	0	0	0	0	5	0
OTU_721	0	0	0	0	0	0	0	0	0	0	0	0	0	0	0	0	0	0	5	0
OTU_722	0	0	0	0	0	0	0	0	0	0	0	0	0	0	0	0	0	0	5	0
OTU_723	0	0	1	1	0	0	0	2	0	3	0	0	0	0	0	0	2	0	5	0
OTU_724	1	0	0	1	0	0	0	0	0	4	0	0	4	1	0	0	0	0	5	0
OTU_725	0	0	0	0	0	0	0	0	0	0	0	0	0	0	0	0	0	0	8	0
OTU_726	4	0	0	0	0	0	0	0	0	0	0	0	0	0	0	0	0	0	0	0
OTU_727	0	4	0	0	0	0	0	0	0	0	0	0	0	0	0	0	0	0	0	0
OTU_728	0	4	0	0	0	0	0	0	0	0	0	3	0	0	0	0	0	2	4	0
OTU_729	0	4	0	0	0	0	0	0	0	0	0	1	1	2	0	0	0	0	6	0
OTU_73	0	0	0	67	0	0	0	0	0	0	0	0	0	0	0	0	0	0	0	0
OTU_730	0	5	0	0	2	2	0	0	0	0	0	0	0	2	0	1	4	0	3	0
OTU_731	0	4	0	0	0	0	0	0	0	0	0	0	0	0	0	0	0	0	0	0
OTU_732	0	4	2	0	0	0	0	0	0	0	0	0	0	0	0	0	0	0	0	0
OTU_733	0	4	0	0	0	0	0	0	0	0	0	0	3	0	0	1	0	0	1	0
OTU_734	0	4	0	0	0	0	0	0	0	0	0	0	0	0	0	0	0	0	0	0
OTU_735	0	4	0	0	0	0	0	0	0	2	0	0	0	0	0	0	0	0	0	0
OTU_736	0	0	4	0	0	0	0	0	0	0	0	0	0	0	0	0	0	0	2	0
OTU_737	0	0	4	0	0	0	0	0	0	0	0	0	0	0	0	0	0	0	4	0
OTU_738	0	0	0	4	0	0	0	0	0	0	0	0	0	0	0	0	0	0	0	0
OTU_739	1	0	0	4	0	0	0	1	0	0	0	0	0	2	0	0	0	1	3	0
OTU_74	0	67	20	0	11	2	34	20	1	21	22	53	3	74	1	6	11	20	56	8
OTU_740	0	0	0	4	0	0	0	0	0	0	0	0	0	0	0	0	0	0	2	0
OTU_741	0	0	0	4	0	0	0	0	0	0	0	0	0	0	0	0	0	0	0	0
OTU_742	0	0	0	4	0	0	0	0	0	0	0	0	0	0	0	0	0	0	0	0
OTU_743	0	0	3	6	0	0	0	0	0	0	0	0	0	0	0	0	0	0	1	0
OTU_744	0	0	0	4	0	0	0	0	1	0	0	0	0	1	0	0	0	0	0	0
OTU_745	0	0	0	4	0	0	0	0	0	0	0	2	0	0	0	0	0	0	0	0
OTU_746	0	0	0	4	0	0	0	0	0	0	0	0	0	0	0	0	0	0	0	0
OTU_747	0	0	0	4	0	0	0	0	0	0	0	0	0	0	0	0	0	0	0	0
OTU_748	0	0	0	4	0	0	0	0	0	0	0	3	0	1	0	0	0	3	4	2
OTU_749	0	0	0	7	0	0	0	0	0	0	0	0	4	0	0	0	0	0	1	0
OTU_75	0	0	0	0	0	0	0	0	0	2	0	0	0	64	0	0	0	0	0	0
OTU_750	0	0	0	4	0	0	0	0	0	0	0	0	0	0	0	0	0	0	0	0
OTU_751	0	0	0	4	0	0	0	0	0	0	0	0	0	0	0	0	0	0	0	0
OTU_752	0	0	0	4	0	0	0	0	0	0	0	0	0	0	0	0	0	0	0	0
OTU_753	0	0	0	4	0	0	0	0	0	0	0	0	0	0	0	0	0	0	0	0
OTU_754	0	0	0	4	0	0	0	0	0	0	0	0	0	0	0	0	0	0	0	0
OTU_755	0	0	0	4	0	0	0	0	0	0	0	0	0	0	0	0	0	0	0	0
OTU_756	0	0	0	4	0	0	0	0	0	0	0	1	3	1	0	1	0	2	4	0
OTU_757	0	0	0	4	0	0	0	0	0	0	0	0	1	0	0	0	0	0	2	0
OTU_758	0	0	0	4	0	0	0	0	1	0	0	0	0	1	0	0	0	0	4	0
OTU_759	0	0	0	4	0	0	0	0	0	0	0	0	0	0	0	0	0	0	3	0
OTU_76	0	0	0	0	9	0	0	0	0	1	0	0	0	0	64	0	0	0	0	0
OTU_760	1	0	0	4	0	0	0	0	0	0	0	2	0	0	0	1	0	0	1	0
OTU_761	0	0	0	4	0	0	0	0	0	0	0	0	0	0	0	0	0	0	0	0
OTU_762	0	0	0	4	0	0	0	0	0	0	0	0	0	0	0	0	0	0	0	0
OTU_763	0	0	0	4	0	0	0	0	0	0	0	0	2	0	0	0	0	0	0	0
OTU_764	0	3	0	4	0	0	0	0	0	4	1	0	0	4	2	0	0	0	3	0
OTU_765	0	0	0	4	0	1	0	0	0	0	0	0	4	0	0	0	0	0	1	0
OTU_766	0	0	0	4	0	0	0	0	0	2	0	0	0	0	0	0	0	0	0	0
OTU_767	0	0	0	4	0	0	0	0	0	0	0	0	0	0	0	0	0	0	0	0
OTU_768	0	3	0	6	0	0	0	0	0	0	0	0	0	0	0	0	0	0	1	0
OTU_769	0	0	0	4	0	0	0	0	0	0	0	0	0	1	0	1	0	0	2	0
OTU_77	0	0	0	0	5	0	0	0	0	0	0	0	0	0	0	0	0	0	0	62
OTU_770	0	0	0	4	0	0	0	0	0	0	0	0	0	0	0	0	0	0	0	0
OTU_771	0	0	0	4	0	0	0	0	0	0	0	0	0	0	0	0	0	0	0	0
OTU_772	0	0	0	4	0	0	0	0	0	0	0	0	0	0	0	0	0	0	0	0
OTU_773	0	0	0	4	0	0	0	0	0	0	0	0	0	0	0	0	0	0	0	0
OTU_774	0	0	0	4	0	0	0	0	0	0	0	0	0	0	0	0	0	0	0	0
OTU_775	0	0	0	4	0	0	0	0	0	0	0	0	0	0	0	0	0	0	0	0
OTU_776	0	0	0	0	4	0	0	0	0	0	0	0	0	0	0	0	0	0	0	0
OTU_777	0	0	0	0	0	4	0	0	0	0	0	0	0	0	0	0	0	0	0	0
OTU_778	0	0	0	0	0	4	0	0	0	0	0	0	0	0	0	0	0	0	0	0
OTU_779	0	0	0	0	0	4	0	0	0	0	0	0	0	0	0	0	0	0	0	0
OTU_78	23	0	0	61	2	2	0	13	0	0	0	0	0	0	18	1	0	2	0	0
OTU_780	0	0	1	0	0	4	0	0	0	0	0	0	0	0	0	0	0	0	0	0
OTU_781	0	0	0	0	0	4	0	0	0	0	0	0	0	0	0	0	0	0	0	0
OTU_782	0	5	0	0	1	0	4	1	0	3	7	0	0	0	0	0	0	0	0	0
OTU_783	0	0	0	0	0	0	0	4	0	0	0	0	0	0	0	0	0	0	0	0
OTU_784	0	0	0	0	0	5	0	0	4	1	0	0	0	0	0	0	0	0	0	0
OTU_785	0	0	0	0	0	0	0	0	0	4	0	0	0	0	0	0	0	0	0	0
OTU_786	0	1	0	0	0	0	0	1	0	4	4	3	0	3	0	0	0	2	1	0
OTU_787	0	0	0	0	0	0	0	0	0	4	0	2	0	0	0	0	0	0	0	0
OTU_788	0	0	0	0	0	0	0	0	1	4	0	0	0	2	0	0	0	0	0	0
OTU_789	0	0	0	0	0	2	0	0	0	4	0	0	0	0	0	0	0	0	0	0
OTU_79	0	0	0	0	0	0	0	0	67	8	0	0	0	0	0	1	0	0	0	0
OTU_790	0	0	0	0	0	0	0	0	0	4	0	0	0	0	0	0	0	0	0	0
OTU_791	0	0	0	0	0	0	0	0	0	4	0	0	0	0	0	0	0	0	0	0
OTU_792	0	1	0	0	0	0	0	0	0	0	4	0	0	0	0	0	0	0	0	0
OTU_793	0	0	0	0	0	0	0	0	0	0	4	0	0	0	0	0	0	0	0	0
OTU_794	0	0	0	0	0	0	0	0	0	0	0	4	0	0	0	0	0	0	0	0
OTU_795	0	2	0	0	0	0	0	0	0	0	0	4	0	0	0	0	0	0	0	0
OTU_796	0	0	0	0	0	0	0	0	0	0	0	4	0	0	0	0	0	0	0	0
OTU_797	0	0	0	0	0	0	0	0	0	0	0	4	0	0	0	0	0	0	0	0
OTU_798	0	0	0	0	0	0	0	0	0	3	0	4	0	1	0	0	0	0	0	0
OTU_799	0	0	0	0	0	0	0	0	0	0	0	4	0	0	0	0	0	0	0	0
OTU_8	536	10	3	928	141	70	1	1	2204	328	1	5	174	164	1849	68	13	4	27	355
OTU_80	0	0	0	71	0	0	0	0	0	0	0	0	0	0	0	0	0	0	0	0
OTU_800	0	0	0	3	0	0	0	1	0	0	0	8	0	3	0	0	0	0	2	0
OTU_801	1	0	0	0	0	0	0	0	0	0	0	4	0	0	0	0	0	0	1	0
OTU_802	0	0	0	0	0	0	0	0	0	0	0	0	4	0	0	0	0	0	1	0
OTU_803	0	0	0	1	0	0	0	0	0	3	1	0	4	1	0	0	0	1	5	0
OTU_804	0	0	0	0	0	0	0	0	0	0	0	0	4	0	0	0	0	0	0	0
OTU_805	0	0	0	0	0	0	0	0	0	0	0	0	4	0	0	0	0	0	1	0
OTU_806	0	0	0	2	0	0	0	0	0	0	0	0	4	0	0	0	0	0	0	0
OTU_807	0	3	1	0	0	0	0	0	0	1	0	0	0	4	0	0	0	0	0	0
OTU_808	0	0	0	0	0	0	0	0	0	1	0	0	0	4	0	0	0	0	0	0
OTU_809	0	0	0	0	0	2	0	0	0	1	0	2	1	6	0	0	0	0	2	0
OTU_81	2	0	0	59	0	0	0	0	0	0	0	0	0	0	0	0	0	0	0	0
OTU_810	0	0	0	0	0	0	0	0	0	0	0	0	0	4	0	0	0	0	1	0
OTU_811	0	0	0	0	0	0	0	0	0	0	0	0	0	4	0	0	0	0	0	0
OTU_812	0	0	0	0	0	0	0	0	0	0	0	0	0	4	0	0	0	0	0	0
OTU_813	0	0	0	0	0	0	0	0	0	1	0	0	0	4	0	0	0	0	0	0
OTU_814	0	0	0	0	0	0	0	0	0	0	0	0	0	6	0	0	0	0	0	0
OTU_815	0	0	0	0	0	0	0	0	0	0	0	0	0	4	0	0	0	0	0	0
OTU_816	0	0	0	0	0	0	0	0	0	0	0	0	0	4	0	0	0	0	1	0
OTU_817	0	0	0	0	0	0	0	0	0	0	0	0	0	4	0	0	0	0	0	0
OTU_818	0	0	0	0	0	0	0	0	0	0	0	0	0	4	0	0	0	0	0	0
OTU_819	0	0	0	3	0	0	0	0	0	0	0	0	0	4	0	0	0	0	0	0
OTU_82	0	0	0	62	0	0	0	0	0	0	0	0	0	0	0	0	0	0	0	0
OTU_820	0	0	0	0	0	0	0	0	0	0	0	0	3	4	0	0	0	0	0	0
OTU_821	0	0	0	0	0	0	0	0	0	0	0	0	0	4	0	0	0	0	1	0
OTU_822	0	0	0	0	1	2	0	0	7	2	0	0	0	0	6	1	0	0	0	0
OTU_823	0	1	0	0	0	0	0	1	0	2	0	0	0	1	4	2	1	4	3	0
OTU_824	0	0	0	0	0	0	0	0	0	0	0	0	0	0	0	4	0	0	0	0
OTU_825	0	0	0	0	0	0	0	0	0	0	0	0	0	0	0	4	0	0	0	0
OTU_826	0	0	0	0	0	0	0	0	0	0	0	0	0	2	0	4	0	0	1	0
OTU_827	0	0	0	0	0	0	0	0	0	0	0	0	0	0	0	4	0	0	0	0
OTU_828	0	3	2	0	0	0	0	0	0	0	0	2	0	0	0	0	5	0	0	0
OTU_829	0	0	1	0	0	0	0	0	0	0	0	0	0	1	0	0	0	4	0	0
OTU_83	3	0	0	59	0	0	0	0	0	0	0	0	0	19	0	0	0	0	1	0
OTU_830	0	0	0	0	0	0	0	0	0	0	0	0	0	0	0	0	0	4	0	0
OTU_831	0	0	0	0	0	0	0	0	0	0	0	0	0	0	0	0	0	4	1	0
OTU_832	0	0	0	0	0	0	0	0	0	0	0	0	0	3	0	0	0	4	6	0
OTU_833	0	1	0	2	0	0	1	0	0	0	0	2	1	0	0	1	0	4	3	0
OTU_834	0	0	0	2	0	0	0	0	0	1	0	0	0	0	0	0	0	4	3	0
OTU_835	0	0	0	1	0	0	0	0	0	1	0	0	1	0	0	0	0	4	0	0
OTU_836	0	0	0	0	0	0	0	0	0	0	0	0	0	0	0	0	0	2	4	0
OTU_837	0	0	0	0	0	0	0	0	0	0	0	0	0	0	0	0	0	1	4	0
OTU_838	0	3	0	0	0	0	0	0	0	0	0	0	0	1	0	0	0	0	4	0
OTU_839	0	0	0	0	0	0	0	0	0	0	0	0	0	0	0	0	0	0	4	0
OTU_84	2	0	0	0	5	12	0	0	6	63	0	0	0	0	28	1	0	8	0	1
OTU_840	0	0	0	0	0	0	0	0	0	0	0	0	0	0	0	0	0	0	4	0
OTU_841	0	0	0	0	0	0	0	0	0	0	0	0	0	0	0	0	0	0	4	0
OTU_842	0	0	0	2	0	0	0	0	0	0	0	0	0	0	0	1	0	0	4	0
OTU_843	0	0	0	0	0	0	0	0	0	0	0	0	0	0	0	0	0	0	4	0
OTU_844	0	0	0	0	0	0	0	0	0	0	0	0	0	0	0	0	0	2	6	0
OTU_845	0	0	0	0	0	0	0	0	0	0	0	0	1	0	0	0	0	0	4	0
OTU_846	0	0	0	2	0	0	0	0	0	0	0	0	0	0	0	0	0	0	4	0
OTU_847	0	0	0	0	0	0	0	0	0	0	0	0	0	0	0	0	0	0	4	0
OTU_848	0	0	0	0	0	0	0	0	0	0	0	0	0	0	0	0	0	0	4	0
OTU_849	0	0	0	0	0	0	0	0	0	0	0	0	0	0	0	0	0	0	6	0
OTU_85	22	30	4	21	0	2	0	9	1	17	1	3	3	59	0	10	3	27	46	0
OTU_850	0	0	0	0	0	0	0	0	0	0	0	0	0	1	0	0	0	0	0	5
OTU_851	3	0	0	1	0	2	0	0	0	0	0	0	0	0	0	0	0	0	0	0
OTU_852	3	0	0	0	0	0	0	0	0	0	3	0	0	0	0	1	0	4	1	0
OTU_853	3	0	0	0	0	0	0	0	0	0	0	0	0	0	0	0	0	0	0	0
OTU_854	3	0	0	0	0	0	0	0	0	0	0	0	0	0	0	0	0	0	0	0
OTU_855	3	0	0	0	0	0	0	0	0	0	0	0	0	0	0	0	0	0	0	0
OTU_856	3	0	0	0	0	0	0	0	0	0	0	0	0	0	0	0	0	0	0	0
OTU_857	3	0	0	0	0	0	0	0	0	0	0	0	0	0	0	0	0	0	0	0
OTU_858	0	3	0	0	0	0	0	0	0	0	0	0	0	0	0	0	0	0	0	0
OTU_859	0	3	0	0	0	0	0	0	0	0	0	0	0	0	0	0	0	0	0	0
OTU_86	27	7	4	11	12	4	12	0	11	5	0	3	0	9	81	9	15	15	0	64
OTU_860	1	3	0	1	0	0	0	0	0	2	0	1	0	0	0	1	0	1	0	0
OTU_861	0	3	0	0	0	0	0	0	0	2	0	0	0	0	0	1	2	0	0	0
OTU_862	0	3	0	0	0	0	0	0	0	0	0	1	3	2	0	0	0	2	0	0
OTU_863	0	3	0	0	0	0	0	0	0	0	0	0	0	0	0	0	0	0	0	0
OTU_864	0	3	0	0	0	0	0	0	0	0	0	0	0	0	0	0	0	0	0	0
OTU_865	0	0	3	0	0	0	0	0	0	0	0	0	0	0	0	0	0	0	0	0
OTU_866	0	0	0	3	0	0	0	0	0	0	0	0	0	0	0	0	0	0	0	0
OTU_867	0	0	0	3	0	0	0	0	0	0	0	0	0	0	0	0	0	0	0	0
OTU_868	0	0	0	3	0	0	0	1	0	0	0	0	0	0	0	0	0	0	0	0
OTU_869	0	0	0	3	0	0	0	0	0	0	0	0	0	0	0	0	0	0	0	0
OTU_87	48	0	0	0	4	0	0	0	0	0	0	0	0	0	0	0	0	0	0	95
OTU_870	1	0	0	3	0	0	0	0	0	1	0	0	0	2	0	0	0	0	1	0
OTU_871	0	0	0	3	0	0	0	0	0	0	0	0	0	0	0	0	0	0	0	0
OTU_872	0	0	0	3	0	0	0	1	0	0	0	0	0	0	0	0	0	0	0	0
OTU_873	0	0	0	4	0	0	0	0	0	0	0	1	0	0	0	0	0	0	3	0
OTU_874	0	0	0	3	0	0	0	0	0	0	0	0	0	0	0	0	0	0	0	0
OTU_875	0	0	0	3	0	0	0	0	0	0	0	0	0	0	0	0	0	0	0	0
OTU_876	0	0	0	3	0	0	0	0	0	0	0	0	0	0	0	0	0	0	0	0
OTU_877	0	0	0	3	0	0	0	0	0	0	0	0	0	0	0	0	0	0	0	0
OTU_878	0	0	0	3	0	0	0	0	0	0	0	0	0	0	0	0	0	0	0	0
OTU_879	0	0	0	3	0	0	0	0	0	0	0	2	1	0	0	0	0	0	0	0
OTU_88	0	0	0	62	2	4	7	0	0	2	0	0	3	43	0	3	2	2	4	2
OTU_880	0	0	0	3	0	0	0	0	0	0	0	2	0	0	0	0	0	0	6	0
OTU_881	0	0	0	3	0	0	0	0	0	0	0	0	0	0	0	0	0	0	3	0
OTU_882	1	0	0	5	0	0	0	0	0	0	0	0	0	0	0	0	0	2	0	0
OTU_883	0	0	0	3	0	0	0	0	0	0	0	0	0	0	0	0	0	0	0	0
OTU_884	0	0	0	3	0	0	0	0	0	0	0	0	0	0	0	0	0	0	0	0
OTU_885	0	0	0	3	0	0	0	0	0	0	0	0	0	2	0	0	0	0	1	0
OTU_886	0	0	0	3	0	0	0	0	0	0	0	0	0	0	0	0	0	0	0	0
OTU_887	0	0	1	3	0	0	0	0	0	0	0	2	0	0	0	0	0	0	0	0
OTU_888	0	0	0	3	0	0	0	0	0	0	0	1	0	0	0	0	0	1	0	0
OTU_889	0	0	0	3	0	0	0	0	0	0	0	0	0	0	0	0	0	0	1	0
OTU_89	19	6	1	12	9	4	5	8	1	29	1	10	5	79	9	3	4	7	41	5
OTU_890	0	0	0	3	0	0	0	0	0	0	0	1	0	0	0	0	0	0	0	0
OTU_891	0	0	0	3	0	0	0	0	0	0	0	0	0	0	0	0	0	0	0	0
OTU_892	0	0	0	0	3	0	0	0	0	0	0	0	0	0	0	0	0	0	0	0
OTU_893	0	2	0	0	5	0	0	0	0	0	0	0	0	0	0	0	0	0	0	0
OTU_894	0	0	0	0	3	0	2	0	0	0	0	0	0	2	0	0	0	0	0	2
OTU_895	0	4	0	0	6	0	2	0	2	0	0	0	0	0	0	2	3	0	1	0
OTU_896	0	2	0	2	3	0	1	0	0	0	0	0	1	0	0	0	0	0	2	0
OTU_897	0	0	0	0	3	0	0	0	0	0	0	0	0	0	0	0	0	0	0	0
OTU_898	0	0	0	0	3	0	0	0	0	0	0	0	0	0	0	0	0	0	1	0
OTU_899	0	0	0	0	0	3	0	0	0	0	0	1	0	0	0	0	1	0	0	0
OTU_9	3	907	14	0	28	33	13	18	4	6	14	12	0	73	34	18	28	37	31	10
OTU_90	0	0	0	0	5	0	0	0	0	0	0	0	0	0	65	0	0	0	0	0
OTU_900	0	0	0	0	0	3	0	0	0	0	0	0	0	0	0	0	0	0	0	0
OTU_901	0	0	0	0	0	3	0	0	0	0	0	0	0	0	0	0	0	0	0	0
OTU_902	0	0	0	0	0	8	1	0	0	0	0	0	0	0	0	0	0	0	0	0
OTU_903	0	0	1	0	0	4	0	0	0	0	0	0	0	0	0	0	0	1	0	0
OTU_904	0	0	0	0	0	3	0	0	0	0	0	0	0	0	0	0	0	0	0	0
OTU_905	0	0	0	0	0	3	0	0	0	0	0	0	0	0	0	0	0	0	0	0
OTU_906	0	0	0	0	0	3	0	0	0	3	0	0	0	3	0	2	0	0	0	0
OTU_907	0	0	1	0	0	4	1	0	0	0	0	0	0	0	0	0	1	0	0	0
OTU_908	0	0	0	0	0	3	0	0	0	0	0	0	0	0	0	0	0	0	0	0
OTU_909	0	0	0	0	0	3	0	0	0	0	0	0	0	0	0	0	0	0	0	0
OTU_91	18	1	3	10	11	1	1	0	54	13	0	1	0	4	40	3	2	6	0	36
OTU_910	0	0	1	0	0	6	0	1	0	0	0	0	0	0	0	0	0	0	0	0
OTU_911	0	0	0	0	0	3	0	0	0	0	0	0	0	0	0	0	0	0	0	0
OTU_912	0	0	0	0	0	6	0	0	0	0	0	1	0	0	0	0	0	0	0	0
OTU_913	0	0	0	0	0	3	0	0	0	0	0	0	0	0	0	0	0	0	0	0
OTU_914	0	0	0	0	0	0	3	0	0	2	0	0	0	0	0	0	0	1	1	0
OTU_915	0	2	0	0	0	0	3	0	0	0	0	0	0	0	0	0	0	0	0	0
OTU_916	0	0	0	0	0	0	3	0	0	0	0	0	0	0	0	0	0	0	0	0
OTU_917	0	0	0	0	0	0	3	0	0	0	0	1	0	0	0	0	0	0	0	0
OTU_918	0	0	0	0	0	0	3	0	0	0	0	1	0	0	0	0	0	0	0	0
OTU_919	0	0	0	0	0	0	3	0	0	0	0	0	0	0	0	0	0	0	0	0
OTU_92	5	44	1	12	1	21	0	0	5	76	0	3	1	56	37	7	1	2	27	0
OTU_920	0	0	0	0	0	0	0	3	0	0	0	0	0	0	0	0	1	0	0	0
OTU_921	0	0	0	0	0	0	0	3	0	0	0	0	0	0	0	0	0	0	1	0
OTU_922	0	0	0	0	0	0	0	5	0	0	0	0	0	0	0	0	0	0	0	0
OTU_923	0	2	0	0	0	0	0	6	0	0	0	3	0	1	0	0	0	0	3	0
OTU_924	0	0	0	0	0	0	0	0	3	0	0	0	0	0	0	0	0	0	0	0
OTU_925	0	0	0	0	0	0	0	0	3	0	0	0	0	0	0	1	0	0	0	0
OTU_926	0	0	0	0	0	0	0	0	3	0	0	0	0	0	0	0	0	0	0	0
OTU_927	0	0	0	0	0	0	0	0	0	5	0	0	1	0	0	0	0	0	0	0
OTU_928	0	0	0	0	0	0	0	0	0	3	0	0	0	2	0	0	0	0	0	0
OTU_929	0	0	0	0	0	0	0	0	0	3	0	0	0	0	0	0	0	0	0	0
OTU_93	3	5	3	88	0	0	0	21	0	9	1	2	2	2	0	9	0	1	14	0
OTU_930	0	0	0	0	0	0	0	0	0	3	0	0	0	0	0	0	0	0	0	0
OTU_931	0	0	0	0	0	0	0	0	0	3	0	0	0	0	0	0	0	0	0	0
OTU_932	0	0	0	0	0	0	0	0	0	3	0	0	0	0	0	0	0	0	0	0
OTU_933	0	0	0	0	1	0	0	0	0	0	3	0	0	0	0	0	0	1	0	0
OTU_934	0	0	0	0	0	1	0	0	0	0	3	0	0	0	0	0	0	0	0	0
OTU_935	0	1	0	0	0	1	0	0	0	0	3	0	0	0	1	1	0	1	0	0
OTU_936	0	0	0	0	0	0	0	0	0	0	3	0	0	0	0	0	0	0	0	0
OTU_937	0	0	0	0	0	0	0	0	0	0	0	3	0	0	0	0	0	0	0	0
OTU_938	0	0	0	0	0	0	0	0	0	0	0	3	0	0	0	0	0	0	0	0
OTU_939	0	0	0	0	0	0	0	0	0	0	0	3	0	0	0	0	0	0	0	0
OTU_94	0	0	0	0	0	0	0	24	0	4	0	1	0	53	0	0	0	7	8	0
OTU_940	0	0	0	0	0	0	0	0	0	0	0	0	3	0	0	0	0	0	0	0
OTU_941	0	0	0	2	0	0	0	0	0	0	0	1	3	0	0	0	0	0	0	0
OTU_942	0	0	0	0	0	0	0	0	0	0	0	0	3	0	0	0	0	0	0	0
OTU_943	0	0	0	2	2	0	0	0	0	0	0	0	3	0	1	0	0	0	0	0
OTU_944	0	0	1	0	1	0	0	0	0	0	0	0	3	0	0	0	0	0	0	0
OTU_945	0	0	0	0	0	0	0	1	0	0	0	0	3	0	0	0	0	0	0	0
OTU_946	0	0	0	0	0	0	0	0	0	0	0	0	3	0	0	0	0	0	1	0
OTU_947	0	0	0	2	0	0	0	0	0	0	0	0	3	0	0	1	0	0	3	0
OTU_948	0	0	0	0	0	0	0	0	0	0	0	0	3	0	0	0	0	0	0	0
OTU_949	0	1	0	0	0	0	0	0	0	0	0	0	3	3	0	3	0	0	3	0
OTU_95	0	0	0	0	5	1	0	0	0	0	0	0	0	0	62	0	0	0	0	0
OTU_950	0	0	0	0	0	0	0	0	0	0	0	0	3	0	0	0	0	0	0	0
OTU_951	0	0	0	0	0	0	0	0	0	0	0	0	3	0	0	0	0	0	0	0
OTU_952	0	0	0	0	0	0	0	0	0	0	0	0	3	0	0	0	0	0	0	0
OTU_953	0	0	0	0	0	0	0	0	0	0	0	0	0	3	0	0	0	0	0	0
OTU_954	0	0	0	0	0	0	0	0	0	1	0	0	0	3	0	0	0	0	0	0
OTU_955	0	0	0	0	0	1	0	0	0	0	0	0	0	3	0	0	0	0	0	0
OTU_956	0	0	0	0	0	0	0	0	0	0	0	0	0	3	0	0	0	0	0	0
OTU_957	0	0	0	0	0	0	0	0	0	0	0	0	0	3	0	0	0	0	0	0
OTU_958	0	0	0	0	0	0	0	0	0	0	0	0	0	3	0	0	0	0	0	0
OTU_959	0	0	0	0	0	0	0	0	0	0	0	0	0	3	0	0	0	0	1	0
OTU_96	0	39	5	5	19	4	1	2	0	26	4	0	0	29	0	4	11	57	26	8
OTU_960	0	0	0	0	0	0	0	0	0	1	0	0	0	3	0	0	0	0	0	0
OTU_961	0	1	0	0	0	0	0	1	0	0	0	0	0	3	0	0	0	0	0	0
OTU_962	0	0	0	0	0	0	0	0	0	0	0	0	0	3	0	0	0	0	0	0
OTU_963	0	0	0	0	0	0	0	0	0	0	0	0	0	5	0	0	0	2	1	0
OTU_964	0	0	0	0	0	0	0	0	0	0	0	0	0	3	0	0	0	0	0	0
OTU_965	0	0	0	0	0	0	0	0	0	1	0	0	0	3	0	0	0	0	1	0
OTU_966	0	0	0	2	0	0	0	0	0	0	0	0	0	3	0	0	0	0	2	0
OTU_967	0	0	0	0	0	0	0	0	0	0	0	0	0	3	0	0	0	0	0	0
OTU_968	0	0	0	0	0	0	0	0	0	0	0	0	0	3	0	0	0	0	0	0
OTU_969	0	0	0	0	0	0	0	0	0	0	0	0	0	3	0	0	0	0	0	0
OTU_97	0	52	0	6	0	0	0	2	0	0	0	3	0	11	0	0	17	1	4	0
OTU_970	0	0	0	0	0	0	0	0	0	0	0	0	0	0	3	0	0	0	0	0
OTU_971	0	0	0	0	0	0	0	0	0	0	0	0	0	0	0	3	0	0	0	0
OTU_972	0	0	0	1	0	0	0	0	0	0	0	0	0	1	0	3	0	0	0	0
OTU_973	0	0	0	0	0	0	0	0	0	0	0	0	0	2	0	3	0	0	0	0
OTU_974	0	0	0	0	0	0	0	0	0	0	0	0	0	0	0	3	0	0	1	0
OTU_975	0	0	0	0	0	0	0	0	0	0	0	0	0	0	0	3	0	0	0	0
OTU_976	0	0	0	0	0	0	0	0	0	0	0	0	0	0	0	5	0	0	0	0
OTU_977	1	0	0	0	1	1	0	0	0	0	1	0	1	0	1	3	0	0	1	0
OTU_978	0	0	0	0	0	0	0	0	0	0	0	0	0	0	0	3	0	0	0	0
OTU_979	0	0	0	2	0	0	0	0	0	0	0	0	0	0	0	3	0	0	0	0
OTU_98	8	43	24	51	27	13	70	25	4	5	18	33	0	40	6	2	32	15	11	1
OTU_980	0	0	0	0	0	0	0	0	0	0	0	0	0	0	0	3	0	0	0	0
OTU_981	0	0	0	0	0	0	0	0	0	0	0	0	0	0	0	3	0	0	0	0
OTU_982	0	0	1	0	0	0	0	0	0	2	0	0	0	0	0	3	0	0	0	0
OTU_983	0	1	0	0	0	0	0	0	0	0	0	0	0	0	0	0	3	0	0	0
OTU_984	0	2	0	0	0	0	0	0	0	0	0	1	0	0	0	0	0	6	0	0
OTU_985	0	0	0	0	0	0	0	0	0	0	0	0	0	0	0	1	0	4	2	0
OTU_986	0	0	0	0	0	0	0	0	0	0	0	0	0	0	0	0	0	3	0	0
OTU_987	0	0	0	0	0	0	0	0	0	0	0	0	0	0	0	0	0	3	0	0
OTU_988	0	0	0	0	0	0	0	0	0	0	0	0	0	0	0	0	0	3	0	0
OTU_989	0	0	1	1	0	0	0	0	0	0	0	1	0	0	0	0	0	3	0	0
OTU_99	0	5	14	2	54	1	10	25	0	29	13	16	1	20	5	8	9	9	8	1
OTU_990	0	0	0	0	0	0	0	0	0	0	0	0	0	0	0	0	0	3	0	0
OTU_991	0	0	0	0	0	0	0	0	0	0	0	0	0	0	0	0	0	3	0	0
OTU_992	0	0	0	0	0	0	0	0	0	0	0	0	0	0	0	0	0	3	0	0
OTU_993	0	0	0	0	0	0	0	0	0	0	0	0	0	0	0	0	0	3	0	0
OTU_994	0	0	0	0	0	0	0	0	0	0	0	0	0	0	0	1	0	0	3	0
OTU_995	0	0	0	0	0	0	0	0	0	0	0	0	0	0	0	0	0	0	3	0
OTU_996	0	0	0	0	0	0	0	0	0	0	0	0	0	0	0	0	0	1	3	0
OTU_997	0	0	0	0	0	0	0	0	0	0	0	0	0	1	0	0	0	1	3	0
OTU_998	0	0	0	0	0	0	0	0	0	0	0	0	0	0	0	0	0	0	3	0
OTU_999	0	0	0	0	0	0	0	0	0	1	0	0	0	0	0	0	0	0	3	0
